-- phpMyAdmin SQL Dump
-- version 4.9.4
-- https://www.phpmyadmin.net/
--
-- Host: localhost:3306
-- Generation Time: Mar 24, 2021 at 10:21 AM
-- Server version: 5.7.23-23
-- PHP Version: 7.3.6

SET SQL_MODE = "NO_AUTO_VALUE_ON_ZERO";
SET AUTOCOMMIT = 0;
START TRANSACTION;
SET time_zone = "+00:00";


/*!40101 SET @OLD_CHARACTER_SET_CLIENT=@@CHARACTER_SET_CLIENT */;
/*!40101 SET @OLD_CHARACTER_SET_RESULTS=@@CHARACTER_SET_RESULTS */;
/*!40101 SET @OLD_COLLATION_CONNECTION=@@COLLATION_CONNECTION */;
/*!40101 SET NAMES utf8mb4 */;

--
-- Database: `rentors`
--

-- --------------------------------------------------------

--
-- Table structure for table `admin`
--

CREATE TABLE `admin` (
  `id` int(11) NOT NULL,
  `name` varchar(50) NOT NULL,
  `email` varchar(50) NOT NULL,
  `password` varchar(100) NOT NULL,
  `status` int(2) NOT NULL DEFAULT '1' COMMENT '1. active 0. inactive',
  `last_login` datetime NOT NULL,
  `role` int(11) NOT NULL DEFAULT '1' COMMENT '1. Manager 0. Super Admin',
  `created_on` varchar(50) NOT NULL,
  `updated_on` varchar(50) NOT NULL
) ENGINE=InnoDB DEFAULT CHARSET=latin1;

--
-- Dumping data for table `admin`
--

INSERT INTO `admin` (`id`, `name`, `email`, `password`, `status`, `last_login`, `role`, `created_on`, `updated_on`) VALUES
(1, 'Admin', 'admin@gmail.com', '123456', 1, '2021-03-22 01:03:58', 0, '1525257831', '1525257831');

-- --------------------------------------------------------

--
-- Table structure for table `booking_product`
--

CREATE TABLE `booking_product` (
  `id` int(11) NOT NULL COMMENT '11',
  `product_id` int(11) NOT NULL COMMENT '11',
  `user_id` int(11) NOT NULL COMMENT '11',
  `address` varchar(255) COLLATE utf8_unicode_ci NOT NULL,
  `city` varchar(255) COLLATE utf8_unicode_ci NOT NULL,
  `state` varchar(255) COLLATE utf8_unicode_ci NOT NULL,
  `pincode` int(11) NOT NULL,
  `doc_dl` varchar(255) COLLATE utf8_unicode_ci NOT NULL,
  `doc_id` varchar(300) COLLATE utf8_unicode_ci NOT NULL,
  `price_unit` varchar(100) COLLATE utf8_unicode_ci NOT NULL,
  `payable_amount` double NOT NULL DEFAULT '0',
  `booking_user_name` varchar(100) COLLATE utf8_unicode_ci NOT NULL,
  `period` varchar(50) COLLATE utf8_unicode_ci NOT NULL,
  `start_date` timestamp NOT NULL DEFAULT CURRENT_TIMESTAMP,
  `end_date` timestamp NOT NULL DEFAULT '0000-00-00 00:00:00',
  `start_time` varchar(150) COLLATE utf8_unicode_ci NOT NULL,
  `end_time` varchar(150) COLLATE utf8_unicode_ci NOT NULL,
  `booking_date` timestamp NOT NULL DEFAULT '0000-00-00 00:00:00' ON UPDATE CURRENT_TIMESTAMP,
  `status` int(11) NOT NULL DEFAULT '0' COMMENT '0:pending, 1:confirm, 2:reject'
) ENGINE=MyISAM DEFAULT CHARSET=utf8 COLLATE=utf8_unicode_ci;

-- --------------------------------------------------------

--
-- Table structure for table `category`
--

CREATE TABLE `category` (
  `id` int(11) NOT NULL,
  `name` varchar(255) CHARACTER SET utf8 NOT NULL,
  `category_image` text CHARACTER SET utf8 NOT NULL,
  `category_icon` varchar(255) CHARACTER SET utf8 NOT NULL,
  `category_color` varchar(255) CHARACTER SET utf8 NOT NULL DEFAULT '#00aabb',
  `status` binary(1) NOT NULL DEFAULT '1' COMMENT '1:active,0:inactive',
  `deleted` binary(1) NOT NULL DEFAULT '0' COMMENT '0: deleted',
  `created_at` int(20) NOT NULL,
  `updated_at` int(20) NOT NULL
) ENGINE=InnoDB DEFAULT CHARSET=utf8 COLLATE=utf8_unicode_ci;

--
-- Dumping data for table `category`
--

INSERT INTO `category` (`id`, `name`, `category_image`, `category_icon`, `category_color`, `status`, `deleted`, `created_at`, `updated_at`) VALUES
(6, 'Automobiles', '[{\"image\":\"https:\\/\\/api.applatus.com\\/rah\\/api\\/uploads\\/category\\/1594101351.jpg\"},{\"image\":\"https:\\/\\/api.applatus.com\\/rah\\/api\\/uploads\\/category\\/1594110982.jpg\"},{\"image\":\"https:\\/\\/api.applatus.com\\/rah\\/api\\/uploads\\/category\\/15941109821.jpg\"},{\"image\":\"https:\\/\\/api.applatus.com\\/rah\\/api\\/uploads\\/category\\/1594111011.jpg\"}]', 'https://api.applatus.com/rah/api/uploads/category/5f07056504bcfcar.png', '#ff7281', 0x31, 0x30, 1594101355, 1609746673),
(7, 'Electronics', '[{\"image\":\"https:\\/\\/api.applatus.com\\/rah\\/api\\/uploads\\/category\\/1594101441.jpg\"},{\"image\":\"https:\\/\\/api.applatus.com\\/rah\\/api\\/uploads\\/category\\/1594110934.jpg\"},{\"image\":\"https:\\/\\/api.applatus.com\\/rah\\/api\\/uploads\\/category\\/15941109341.jpg\"},{\"image\":\"https:\\/\\/api.applatus.com\\/rah\\/api\\/uploads\\/category\\/15941109342.jpg\"}]', 'https://api.applatus.com/rah/api/uploads/category/5f0702d0b4655electronics.png', '#18d190', 0x31, 0x30, 1594101443, 1609173756),
(8, 'Real Estate', '[{\"image\":\"https:\\/\\/api.applatus.com\\/rah\\/api\\/uploads\\/category\\/1594101482.jpg\"},{\"image\":\"https:\\/\\/api.applatus.com\\/rah\\/api\\/uploads\\/category\\/15941110631.jpg\"},{\"image\":\"https:\\/\\/api.applatus.com\\/rah\\/api\\/uploads\\/category\\/15941110632.jpg\"},{\"image\":\"https:\\/\\/api.applatus.com\\/rah\\/api\\/uploads\\/category\\/1594111227.jpg\"}]', 'https://api.applatus.com/rah/api/uploads/category/5f0704d2273fbreal_estate.png', '#fb6c2e', 0x31, 0x30, 1594101491, 1609173788),
(9, 'Furniture', '[{\"image\":\"https:\\/\\/api.applatus.com\\/rah\\/api\\/uploads\\/category\\/1594101555.jpg\"},{\"image\":\"https:\\/\\/api.applatus.com\\/rah\\/api\\/uploads\\/category\\/1594111098.jpg\"},{\"image\":\"https:\\/\\/api.applatus.com\\/rah\\/api\\/uploads\\/category\\/15941110981.jpg\"},{\"image\":\"https:\\/\\/api.applatus.com\\/rah\\/api\\/uploads\\/category\\/15941110982.jpg\"}]', 'https://api.applatus.com/rah/api/uploads/category/5f0702e5a6c06furniture.png', '#4dcddb', 0x31, 0x30, 1594101562, 1609173822),
(10, 'Services', '[{\"image\":\"https:\\/\\/api.applatus.com\\/rah\\/api\\/uploads\\/category\\/1594101588.jpg\"},{\"image\":\"https:\\/\\/api.applatus.com\\/rah\\/api\\/uploads\\/category\\/1594111161.jpg\"},{\"image\":\"https:\\/\\/api.applatus.com\\/rah\\/api\\/uploads\\/category\\/15941111611.jpg\"},{\"image\":\"https:\\/\\/api.applatus.com\\/rah\\/api\\/uploads\\/category\\/1594111175.jpg\"}]', 'https://api.applatus.com/rah/api/uploads/category/5f07030810800service.png', '#f8ac52', 0x31, 0x30, 1594101591, 1609173853),
(26, 'Tapak Niaga Wangsamaju', '', '', '#00aabb', 0x30, 0x30, 1611502211, 1611502211),
(27, 'Deportes', '', '', '#00aabb', 0x30, 0x30, 1611605514, 1611606300),
(28, 'Dresses', '[{\"image\":\"https:\\/\\/api.applatus.com\\/rah\\/api\\/uploads\\/category\\/1611776664.jpg\"}]', 'https://api.applatus.com/rah/api/uploads/category/6011c28a69bc1dazzle_jam-nappy-.jpg', '#00aabb', 0x30, 0x30, 1611776673, 1611776673),
(29, 'Test', '', 'https://api.applatus.com/rah/api/uploads/category/602c27726963816135063786561458018027.jpg', '#6aa4aa', 0x30, 0x30, 1613506457, 1613506457),
(30, 'Sample', '', '', '#00aabb', 0x30, 0x30, 1614607501, 1614607501),
(31, 'odii test', '', '', '#00aabb', 0x31, 0x30, 1616249690, 1616249690),
(32, 'Villas & Bungalows', '[{\"image\":\"https:\\/\\/api.applatus.com\\/rah\\/api\\/uploads\\/category\\/1616395438.jpg\"}]', 'https://api.applatus.com/rah/api/uploads/category/60583bce75974download.jpeg.jpg', '#00aabb', 0x31, 0x30, 1616395474, 1616395474);

-- --------------------------------------------------------

--
-- Table structure for table `chat`
--

CREATE TABLE `chat` (
  `id` int(11) NOT NULL,
  `thread_id` int(11) NOT NULL,
  `user_id` int(11) NOT NULL,
  `user_id_receiver` int(11) NOT NULL,
  `message` longtext CHARACTER SET utf8mb4 COLLATE utf8mb4_unicode_ci NOT NULL,
  `sender_name` varchar(50) CHARACTER SET utf8mb4 NOT NULL,
  `date` varchar(50) NOT NULL,
  `media` text NOT NULL,
  `chat_type` varchar(50) NOT NULL DEFAULT '1' COMMENT '1. Text 2. Image',
  `chat_state` varchar(5) NOT NULL DEFAULT '0' COMMENT '0 sent , 1 delivered, 2 read'
) ENGINE=InnoDB DEFAULT CHARSET=latin1;

--
-- Dumping data for table `chat`
--

INSERT INTO `chat` (`id`, `thread_id`, `user_id`, `user_id_receiver`, `message`, `sender_name`, `date`, `media`, `chat_type`, `chat_state`) VALUES
(1, 0, 2, 3, 'hey hiii', '', '1593542621', '', '2', '0'),
(2, 0, 3, 2, 'hello who are you?', 'mayank', '1593542654', '', '2', '0'),
(3, 0, 3, 2, 'I am visit your product details  and I want hire your flat', 'mayank', '1593542747', '', '2', '0'),
(4, 0, 1, 3, 'hello what\'s going on ?', '', '1593543016', '', '2', '0'),
(5, 0, 3, 2, 'hii', 'mayank', '1593543342', '', '2', '0'),
(6, 0, 3, 1, 'hii', 'mayank', '1593543415', '', '2', '0'),
(7, 4, 3, 1, 'hii', 'mayank', '1593608824', '', '2', '0'),
(8, 1, 3, 1, 'hii', 'mayank', '1593609065', '', '2', '0'),
(9, 1, 3, 1, 'hii', 'mayank', '1593630013', '', '2', '0'),
(10, 2, 3, 1, 'hii', 'mayank', '1593630038', '', '2', '0'),
(11, 2, 3, 1, 'hii', 'mayank', '1593635020', '', '2', '0'),
(12, 2, 3, 1, 'hii', 'mayank', '1593635125', '', '2', '0'),
(13, 2, 3, 1, 'hii', 'mayank', '1593635595', '', '2', '0'),
(14, 3, 2, 3, 'hello what\'s going on ?', '', '1593756581', '', '2', '0'),
(15, 3, 2, 3, 'hello what\'s going on ?', '', '1593778762', '', '2', '0'),
(16, 3, 2, 3, 'hello what\'s going on ?', '', '1593778808', '', '2', '0'),
(17, 3, 3, 2, 'helloo', 'mayank', '1593789437', '', '2', '0'),
(18, 2, 3, 1, 'hii', 'mayank', '1593800049', '', '2', '0'),
(19, 3, 3, 2, 'hello', 'mayank', '1593805388', '', '2', '0'),
(20, 3, 3, 2, 'h', 'mayank', '1593805440', '', '2', '0'),
(21, 3, 3, 2, 'hh', 'mayank', '1593805882', '', '2', '0'),
(22, 3, 3, 2, 'haha', 'mayank', '1593806956', '', '2', '0'),
(23, 3, 3, 2, 'jk', 'mayank', '1593807435', '', '2', '0'),
(24, 5, 9, 3, 'hello', '', '1593857996', '', '2', '0'),
(25, 5, 9, 3, 'hhhh', '', '1593858035', '', '2', '0'),
(26, 5, 9, 3, 'ffff', '', '1593858048', '', '2', '0'),
(27, 5, 9, 3, 'hello', '', '1593858994', '', '2', '0'),
(28, 2, 3, 1, 'hii', 'mayank', '1593866741', '', '2', '0'),
(29, 2, 3, 1, 'hii', 'mayank', '1593871109', '', '2', '0'),
(30, 2, 3, 1, 'hii', 'mayank', '1593871114', '', '2', '0'),
(31, 2, 3, 1, 'hii', 'mayank', '1593871173', '', '2', '0'),
(32, 2, 3, 1, 'hii', 'mayank', '1593871211', '', '2', '0'),
(33, 3, 2, 3, 'hello what\'s going on ?', 'Shaline', '1593882705', '', '2', '0'),
(34, 3, 2, 3, 'hello what\'s going on ?', 'Shaline', '1593882727', '', '2', '0'),
(35, 2, 3, 10, 'hii', 'mayank', '1593884029', '', '2', '0'),
(36, 3, 2, 3, 'hello what\'s going on ?', 'Shaline', '1593884232', '', '2', '0'),
(37, 3, 2, 3, 'hello what\'s going on ?', 'Shaline', '1593884250', '', '2', '0'),
(38, 3, 2, 3, 'hello what\'s going on ?', 'Shaline', '1593886494', '', '2', '0'),
(39, 3, 2, 3, 'hello what\'s going on ?', 'Shaline', '1593886609', '', '2', '0'),
(40, 3, 2, 3, 'hello what\'s going on ?', 'Shaline', '1593886675', '', '2', '0'),
(41, 3, 2, 3, 'hello what\'s going on ?', 'Shaline', '1593886735', '', '2', '0'),
(42, 3, 2, 3, 'hello what\'s going on ?', 'Shaline', '1593886745', '', '2', '0'),
(43, 3, 2, 3, 'hello what\'s going on ?', 'Shaline', '1593887194', '', '2', '0'),
(44, 3, 2, 3, 'hello what\'s going on ?', 'Shaline', '1593887401', '', '2', '0'),
(45, 3, 2, 3, 'hello what\'s going on ?', 'Shaline', '1593887490', '', '2', '0'),
(46, 3, 2, 3, 'hello what\'s going on ?', 'Shaline', '1593887813', '', '2', '0'),
(47, 3, 2, 3, 'hello', 'Shaline', '1593887843', '', '2', '0'),
(48, 6, 13, 3, 'hi', '', '1593888158', '', '2', '0'),
(49, 6, 13, 3, 'hi', '', '1593888164', '', '2', '0'),
(50, 6, 13, 3, 'Yogesh here', '', '1593888205', '', '2', '0'),
(51, 6, 13, 3, 'Yogesh here', '', '1593888206', '', '2', '0'),
(52, 6, 13, 3, 'Yogesh here', '', '1593888207', '', '2', '0'),
(53, 5, 9, 3, 'ijhj', '', '1593888372', '', '2', '0'),
(54, 6, 13, 3, 'helloooo', 'M', '1593888972', '', '2', '0'),
(55, 6, 13, 3, 'helloooo', 'M', '1593888974', '', '2', '0'),
(56, 6, 13, 3, 'you there', 'M', '1593888980', '', '2', '0'),
(57, 6, 3, 13, 'hello sir', 'mayank', '1593889138', '', '2', '0'),
(58, 6, 13, 3, '😋', 'M', '1593889200', '', '2', '0'),
(59, 6, 13, 3, '😋', 'M', '1593889204', '', '2', '0'),
(60, 6, 13, 3, 'I can see your message noe', 'M', '1593889220', '', '2', '0'),
(61, 6, 3, 13, '😂😂', 'mayank', '1593889223', '', '2', '0'),
(62, 3, 2, 3, 'hello', 'Shaline', '1593944083', '', '2', '0'),
(63, 3, 2, 3, 'hello', 'Shaline', '1593961316', '', '2', '0'),
(64, 3, 2, 3, 'hello', 'Shaline', '1593961345', '', '2', '0'),
(65, 3, 2, 3, 'hello', 'Shaline', '1593961568', '', '2', '0'),
(66, 3, 2, 3, 'hello', 'Shaline', '1593961592', '', '2', '0'),
(67, 3, 2, 3, 'hello1', 'Shaline', '1593961613', '', '2', '0'),
(68, 3, 2, 3, 'hello1', 'Shaline', '1593961732', '', '2', '0'),
(69, 6, 13, 3, 'hello1', 'M', '1593961856', '', '2', '0'),
(70, 6, 13, 3, 'hello1', 'M', '1593961902', '', '2', '0'),
(71, 3, 2, 3, 'hello whats going on', 'Shaline', '1593961924', '', '2', '0'),
(72, 3, 2, 3, 'hello whats going on', 'Shaline', '1593961989', '', '2', '0'),
(73, 3, 2, 3, 'hello whats going on', 'Shaline', '1593962017', '', '2', '0'),
(74, 3, 2, 3, 'hello whats going on', 'Shaline', '1593962074', '', '2', '0'),
(75, 3, 2, 3, 'hello whats going on', 'Shaline', '1593962113', '', '2', '0'),
(76, 6, 13, 3, 'hello whats going on', 'M', '1593962162', '', '2', '0'),
(77, 3, 3, 2, 'hello', 'mayank', '1593962190', '', '2', '0'),
(78, 3, 2, 3, 'hello whats going on', 'Shaline', '1593962252', '', '2', '0'),
(79, 3, 2, 3, 'hello whats going on', 'Shaline', '1593962383', '', '2', '0'),
(80, 3, 2, 3, 'hello whats going on', 'Shaline', '1593962396', '', '2', '0'),
(81, 3, 3, 2, 'hello', 'mayank', '1593962605', '', '2', '0'),
(82, 3, 3, 2, 'hh', 'mayank', '1593962623', '', '2', '0'),
(83, 3, 3, 2, 'hh', 'mayank', '1593962641', '', '2', '0'),
(84, 3, 3, 2, 'kkk', 'mayank', '1593962663', '', '2', '0'),
(85, 3, 2, 3, 'hello whats going on', 'Shaline', '1593963195', '', '2', '0'),
(86, 6, 13, 3, 'sir', 'M', '1594129754', '', '2', '0'),
(87, 6, 13, 3, 'helloo', 'M', '1594129761', '', '2', '0'),
(88, 6, 13, 3, 'helloo', 'M', '1594129762', '', '2', '0'),
(89, 6, 13, 3, 'helloo', 'M', '1594129762', '', '2', '0'),
(90, 6, 13, 3, 'helloo', 'M', '1594129763', '', '2', '0'),
(91, 6, 13, 3, 'helloo', 'M', '1594129763', '', '2', '0'),
(92, 37, 40, 18, 'hii', '', '1594999594', '', '2', '0'),
(93, 37, 40, 18, 'hello', '', '1594999614', '', '2', '0'),
(94, 48, 43, 43, 'hi', '', '1595060160', '', '2', '0'),
(95, 55, 105, 45, 'hello', '', '1595165878', '', '2', '0'),
(96, 55, 105, 45, 'سلام', '', '1595165884', '', '2', '0'),
(97, 64, 115, 45, 'hi', '', '1595272815', '', '2', '0'),
(98, 67, 124, 73, 'hello', 'sakshi', '1595404417', '', '2', '0'),
(99, 70, 128, 45, 'hygggg', '', '1595446352', '', '2', '0'),
(100, 71, 131, 45, 'hello', 'rumo', '1595497040', '', '2', '0'),
(101, 74, 140, 18, 'oi', '', '1595608992', '', '2', '0'),
(102, 78, 145, 45, 'hi test', '', '1595699884', '', '2', '0'),
(103, 84, 154, 43, 'FM', '', '1595913766', '', '2', '0'),
(104, 87, 162, 45, 'tesy', 'Rafi', '1596262827', '', '2', '0'),
(105, 89, 168, 45, 'Get Flow', '', '1596319989', '', '2', '0'),
(106, 91, 167, 18, 'salal', '', '1596473921', '', '2', '0'),
(107, 94, 177, 43, 'hi', '', '1596564196', '', '2', '0'),
(108, 95, 178, 43, '야', '', '1596575182', '', '2', '0'),
(109, 95, 178, 43, '시발련아', '', '1596575184', '', '2', '0'),
(110, 97, 180, 43, 'Hi', '', '1596677382', '', '2', '0'),
(111, 99, 186, 18, 'test', 'test', '1596752838', '', '2', '0'),
(112, 105, 200, 18, 'Hello', '', '1597039101', '', '2', '0'),
(113, 107, 200, 45, 'Hello', '', '1597039115', '', '2', '0'),
(114, 108, 90, 43, 'Hi', '', '1597060618', '', '2', '0'),
(115, 113, 211, 73, 'test', '', '1597224803', '', '2', '0'),
(116, 114, 216, 43, 'Hello', '', '1597322856', '', '2', '0'),
(117, 115, 219, 45, 'yfvvj', '', '1597412360', '', '2', '0'),
(118, 110, 206, 18, 'hi', 'hakemgrab@gmail.com', '1597443286', '', '2', '0'),
(119, 110, 206, 18, 'hi is car available?', 'hakemgrab@gmail.com', '1597443485', '', '2', '0'),
(120, 117, 206, 43, 'is house available?', 'hakemgrab@gmail.com', '1597443557', '', '2', '0'),
(121, 119, 181, 45, 'hi', '', '1597555913', '', '2', '0'),
(122, 120, 131, 18, 'hello', 'rumo', '1597572325', '', '2', '0'),
(123, 121, 228, 43, 'rtrtr', 'arifin', '1597649297', '', '2', '0'),
(124, 108, 90, 43, 'Hi', '', '1597667873', '', '2', '0'),
(125, 123, 216, 18, 'Fff', '', '1597743912', '', '2', '0'),
(126, 124, 231, 45, 'ey', 'panda', '1597756909', '', '2', '0'),
(127, 126, 234, 43, 'hi', '', '1597821545', '', '2', '0'),
(128, 127, 236, 235, 'op', '', '1597855125', '', '2', '0'),
(129, 128, 238, 235, 'hiii', 'ZoZo', '1597943632', '', '2', '0'),
(130, 128, 235, 238, 'Hello 👋', 'Abaza', '1597943710', '', '2', '0'),
(131, 129, 239, 18, 'hi', '', '1597964315', '', '2', '0'),
(132, 130, 240, 45, 'Hi', '', '1597965228', '', '2', '0'),
(133, 133, 247, 43, 'Hi', '', '1598203255', '', '2', '0'),
(134, 135, 252, 18, 'hi', 'Denis Rybalkine', '1598404025', '', '2', '0'),
(135, 136, 254, 18, 'hello', '', '1598552604', '', '2', '0'),
(136, 139, 259, 45, 'hello', '', '1598780440', '', '2', '0'),
(137, 140, 259, 18, 'hello sir how are u?', '', '1598781628', '', '2', '0'),
(138, 140, 259, 18, 'can we have a discussion on this deal?', '', '1598781638', '', '2', '0'),
(139, 140, 259, 18, 'hello sir how r u?', '', '1598781808', '', '2', '0'),
(140, 140, 259, 18, 'can we speak about this deal?', '', '1598781818', '', '2', '0'),
(141, 140, 259, 18, 'I wish to rent this bike at the earliest possible time', '', '1598781833', '', '2', '0'),
(142, 140, 259, 18, 'hello sir I wish to rent the car for a week', '', '1598791590', '', '2', '0'),
(143, 140, 259, 18, 'so I wish to deal with this, can I have ur contact number please?', '', '1598791608', '', '2', '0'),
(144, 142, 261, 261, 'hi', '', '1598869075', '', '2', '0'),
(145, 142, 261, 261, 'hi', '', '1598869161', '', '2', '0'),
(146, 142, 261, 261, 'hoiii', 'Testerrrr', '1598889634', '', '2', '0'),
(147, 142, 261, 261, 'hoiii', 'Testerrrr', '1598889642', '', '2', '0'),
(148, 143, 254, 254, 'hello', '', '1598891100', '', '2', '0'),
(149, 144, 264, 261, 'test vraag', 'test user', '1598892696', '', '2', '0'),
(150, 147, 262, 262, 'hi', '', '1598961160', '', '2', '0'),
(151, 147, 262, 262, 'hi', '', '1598961168', '', '2', '0'),
(152, 147, 262, 262, 'hi', '', '1598978936', '', '2', '0'),
(153, 147, 262, 262, 'hi', '', '1598979200', '', '2', '0'),
(154, 148, 148, 18, 'hii', '', '1599157112', '', '2', '0'),
(155, 149, 278, 45, 'hi', '', '1599238213', '', '2', '0'),
(156, 150, 280, 18, 'Hi can I book this', 'Hakem', '1599377593', '', '2', '0'),
(157, 151, 281, 280, 'is available?', 'Ali', '1599382926', '', '2', '0'),
(158, 154, 285, 254, 'hello', '', '1599465558', '', '2', '0'),
(159, 154, 285, 254, 'waar naga kiree gaadhi', '', '1599465585', '', '2', '0'),
(160, 154, 254, 285, '25$ ban ku kirayna se adiga 23 Isla bixi', '', '1599476473', '', '2', '0'),
(161, 160, 291, 291, 'heklo', 'farduus', '1599668421', '', '2', '0'),
(162, 161, 254, 291, 'halke joogta', '', '1599668472', '', '2', '0'),
(163, 162, 292, 235, 'cc', '', '1599688680', '', '2', '0'),
(164, 164, 293, 18, 'hi', '', '1599725238', '', '2', '0'),
(165, 166, 296, 18, 'hi', 'karthik', '1599761660', '', '2', '0'),
(166, 169, 295, 45, 'hi', 'pankaj arya', '1599983756', '', '2', '0'),
(167, 140, 259, 18, 'hello ir, I\'m interted', '', '1600250374', '', '2', '0'),
(168, 140, 259, 18, 'hello sir I\'m interested in renting ur product', '', '1600250389', '', '2', '0'),
(169, 140, 259, 18, 'so can we proceed? can I have ur contact number?', '', '1600250400', '', '2', '0'),
(170, 172, 306, 18, 'hi', '', '1600432300', '', '2', '0'),
(171, 174, 307, 40, 'hi bro', '', '1600582104', '', '2', '0'),
(172, 177, 258, 18, 'waa', '', '1600679356', '', '2', '0'),
(173, 179, 310, 43, 'hi', '', '1600781484', '', '2', '0'),
(174, 172, 306, 18, 'hello', '', '1601020677', '', '2', '0'),
(175, 182, 316, 18, 'Hi', 'fajri', '1601108731', '', '2', '0'),
(176, 172, 306, 18, 'hello', '', '1601115078', '', '2', '0'),
(177, 172, 306, 18, 'hhh', '', '1601115080', '', '2', '0'),
(178, 172, 306, 18, 'bhdhd', '', '1601117039', '', '2', '0'),
(179, 172, 306, 18, 'dhuru', '', '1601117041', '', '2', '0'),
(180, 172, 306, 18, 'hrhrh', '', '1601117042', '', '2', '0'),
(181, 172, 306, 18, 'he x db', '', '1601141771', '', '2', '0'),
(182, 172, 306, 18, 'dvdbdb', '', '1601141852', '', '2', '0'),
(183, 172, 306, 18, '1egegrbrh', '', '1601141902', '', '2', '0'),
(184, 172, 306, 18, 'uvuvububib', '', '1601141953', '', '2', '0'),
(185, 172, 306, 18, 'hhh', '', '1601141958', '', '2', '0'),
(186, 172, 306, 18, 'uuu', '', '1601141962', '', '2', '0'),
(187, 172, 306, 18, 'uujjj', '', '1601141967', '', '2', '0'),
(188, 172, 306, 18, 'evegegegg', '', '1601142038', '', '2', '0'),
(189, 172, 306, 18, 'hi', '', '1601142066', '', '2', '0'),
(190, 172, 306, 18, 'hello sir', '', '1601142077', '', '2', '0'),
(191, 172, 306, 18, 'https://timesofindia.indiatimes.com/entertainment/hindi/bollywood/news/sushant-singh-rajput-case-live-updates-deepika-padukone-rakul-preet-singh-sara-ali-khan-shraddha-kapoor-bollywood-drug-probe/liveblog/78308524.cms', '', '1601142121', '', '2', '0'),
(192, 2, 18, 306, 'not going to work ', 'MontyAndr73', '1601142172', '', '2', '0'),
(193, 172, 18, 306, 'not going to work ', 'MontyAndr73', '1601142184', '', '2', '0'),
(194, 172, 18, 306, 'sfsf', 'MontyAndr73', '1601142242', '', '2', '0'),
(195, 172, 18, 306, 'sfsfsfsf', 'MontyAndr73', '1601142246', '', '2', '0'),
(196, 172, 18, 306, 'sfsfsfsfsfsfd', 'MontyAndr73', '1601142250', '', '2', '0'),
(197, 172, 306, 18, 'ok', '', '1601142273', '', '2', '0'),
(198, 172, 306, 18, 'hello', '', '1601142431', '', '2', '0'),
(199, 172, 306, 18, 'hi', '', '1601144037', '', '2', '0'),
(200, 172, 306, 18, 'Հայերեն Shqip ‎‫العربية‫العربية   ‏Български Català 中文简体 Hrvatski Česky Dansk Nederlands English Eesti Filipino Suomi Français ქართული Deutsch Ελληνικά ‎‫עברית‫עברית   ‏हिन्दी Magyar Indonesia Italiano Latviski Lietuviškai македонски Melayu Norsk Polski Português Româna Pyccкий Српски Slovenčina Slovenščina Español Svenska ไทย Türkçe Українська Tiếng ViệtLorem Ipsum\"Neque porro quisquam est qui dolorem ipsum quia dolor sit amet, ‏consectetur, ‏adipisci velit...\"\"There is no one who loves pain itself, ‏who seeks after it and wants to have it, ‏simply because it is pain...\"What is Lorem Ipsum?Lorem Ipsum is simply dummy text of the printing and typesetting industry. ‏Lorem Ipsum has been the industry\'s standard dummy text ever since the ‎1500s, ‏when an unknown printer took a galley of type and scrambled it to make a type specimen book. ‏It has survived not only five centuries, ‏but also the leap into electronic typesetting, ‏remaining essentially unchanged. ‏It was popularised in the ‎1960s with the release of Letraset sheets containing Lorem Ipsum passages, ‏and more recently with desktop publishing software like Aldus PageMaker including versions of Lorem Ipsum.Why do we use it?It is a long established fact that a reader will be distracted by the readable content of a page when looking at its layout. ‏The point of using Lorem Ipsum is that it has a more-or-less normal distribution of letters, ‏as opposed to using ‎\'Content here, ‏content here\', ‏making it look like readable English. ‏Many desktop publishing packages and web page editors now use Lorem Ipsum as their default model text, ‏and a search for ‎\'lorem ipsum\' ‏will uncover many web sites still in their infancy. ‏Various versions have evolved over the years, ‏sometimes by accident, ‏sometimes on purpose ‎(injected humour and the like).Where does it come from?Contrary to popular belief, ‏Lorem Ipsum is not simply random text. ‏It has roots in a piece of classical Latin literature from ‎45 ‏BC, ‏making it over ‎2000 ‏years old. ‏Richard McClintock, ‏a Latin professor at Hampden-Sydney College in Virginia, ‏looked up one of the more obscure Latin words, ‏consectetur, ‏from a Lorem Ipsum passage, ‏and going through the cites of the word in classical literature, ‏discovered the undoubtable source. ‏Lorem Ipsum comes from sections ‎1.10.32 ‏and ‎1.10.33 ‏of ‎\"de Finibus Bonorum et Malorum\" (The Extremes of Good and Evil) ‏by Cicero, ‏written in ‎45 ‏BC. ‏This book is a treatise on the theory of ethics, ‏very popular during the Renaissance. ‏The first line of Lorem Ipsum, \"Lorem ipsum dolor sit amet..\", ‏comes from a line in section ‎1.10.32.The standard chunk of Lorem Ipsum used since the ‎1500s is reproduced below for those interested. ‏Sections ‎1.10.32 ‏and ‎1.10.33 ‏from ‎\"de Finibus Bonorum et Malorum\" ‏by Cicero are also reproduced in their exact original form, ‏accompanied by English versions from the ‎1914 ‏translation by H. ‏Rackham.Where can I get some?There are many variations of passages of Lorem Ipsum available, ‏but the majority have suffered alteration in some form, ‏by injected humour, ‏or randomised words which don\'t look even slightly believable. ‏If you are going to use a passage of Lorem Ipsum, ‏you need to be sure there isn\'t anything embarrassing hidden in the middle of text. ‏All the Lorem Ipsum generators on the Internet tend to repeat predefined chunks as necessary, ‏making this the first true generator on the Internet. ‏It uses a dictionary of over ‎200 ‏Latin words, ‏combined with a handful of model sentence structures, ‏to generate Lorem Ipsum which looks reasonable. ‏The generated Lorem Ipsum is therefore always free from repetition, ‏injected humour, ‏or non-characteristic words etc.5 ‏paragraphs words bytes lists Start with ‎\'Loremipsum dolor sit amet...\'Translations: ‏Can you help translate this site into a foreign language ‎? ‏Please email us with details if you can help.There are now a set of mock banners available here in three colours and in a range of standard banner sizes:BannersBannersBannersDonate: ‏If you use this site regularly and would like to help keep the site on the Internet, ‏please consider donating a small sum to help pay for the hosting and bandwidth bill. ‏There is no minimum donation, ‏any sum is appreciated ‎- ‏click here to donate using PayPal. ‏Thank you for your support.Firefox Add-on NodeJS TeX Package Python Interface GTK Lipsum Rails ‎.NET Groovy Adobe PluginThe standard Lorem Ipsum passage, ‏used since the ‎1500s\"Lorem ipsum dolor sit amet, ‏consectetur adipiscing elit, ‏sed do eiusmod tempor incididunt ut labore et dolore magna aliqua. ‏Ut enim ad minim veniam, ‏quis nostrud exercitation ullamco laboris nisi ut aliquip ex ea commodo consequat. ‏Duis aute irure dolor in reprehenderit in voluptate velit esse cillum dolore eu fugiat nulla pariatur. ‏Excepteur sint occaecat cupidatat non proident, ‏sunt in culpa qui officia deserunt mollit anim id est laborum.\"Section ‎1.10.32 ‏of ‎\"de Finibus Bonorum et Malorum\", ‏written by Cicero in ‎45 ‏BC\"Sed ut perspiciatis unde omnis iste natus error sit voluptatem accusantium doloremque laudantium, ‏totam rem aperiam, ‏eaque ipsa quae ab illo inventore veritatis et quasi architecto beatae vitae dicta sunt explicabo. ‏Nemo enim ipsam voluptatem quia voluptas sit aspernatur aut odit aut fugit, ‏sed quia consequuntur magni dolores eos qui ratione voluptatem sequi nesciunt. ‏Neque porro quisquam est, ‏qui dolorem ipsum quia dolor sit amet, ‏consectetur, ‏adipisci velit, ‏sed quia non numquam eius modi tempora incidunt ut labore et dolore magnam aliquam quaerat voluptatem. ‏Ut enim ad minima veniam, ‏quis nostrum exercitationem ullam corporis suscipit laboriosam, ‏nisi ut aliquid ex ea commodi consequatur? ‏Quis autem vel eum iure reprehenderit qui in ea voluptate velit esse quam nihil molestiae consequatur, ‏vel illum qui dolorem eum fugiat quo voluptas nulla pariatur?\"1914 ‏translation by H. ‏Rackham\"But I must explain to you how all this mistaken idea of denouncing pleasure and praising pain was born and I will give you a complete account of the system, ‏and expound the actual teachings of the great explorer of the truth, ‏the master-builder of human happiness. ‏No one rejects, ‏dislikes, ‏or avoids pleasure itself, ‏because it is pleasure, ‏but because those who do not know how to pursue pleasure rationally encounter consequences that are extremely painful. ‏Nor again is there anyone who loves or pursues or desires to obtain pain of itself, ‏because it is pain, ‏but because occasionally circumstances occur in which toil and pain can procure him some great pleasure. ‏To take a trivial example, ‏which of us ever undertakes laborious physical exercise, ‏except to obtain some advantage from it? ‏But who has any right to find fault with a man who chooses to enjoy a pleasure that has no annoying consequences, ‏or one who avoids a pain that produces no resultant pleasure?\"Section ‎1.10.33 ‏of ‎\"de Finibus Bonorum et Malorum\", ‏written by Cicero in ‎45 ‏BC\"At vero eos et accusamus et iusto odio dignissimos ducimus qui blanditiis praesentium voluptatum deleniti atque corrupti quos dolores et quas molestias excepturi sint occaecati cupiditate non provident, ‏similique sunt in culpa qui officia deserunt mollitia animi, ‏id est laborum et dolorum fuga. ‏Et harum quidem rerum facilis est et expedita distinctio. ‏Nam libero tempore, ‏cum soluta nobis est eligendi optio cumque nihil impedit quo minus id quod maxime placeat facere possimus, ‏omnis voluptas assumenda est, ‏omnis dolor repellendus. ‏Temporibus autem quibusdam et aut officiis debitis aut rerum necessitatibus saepe eveniet ut et voluptates repudiandae sint et molestiae non recusandae. ‏Itaque earum rerum hic tenetur a sapiente delectus, ‏ut aut reiciendis voluptatibus maiores alias consequatur aut perferendis doloribus asperiores repellat.\"1914 ‏translation by H. ‏Rackham\"On the other hand, ‏we denounce with righteous indignation and dislike men who are so beguiled and demoralized by the charms of pleasure of the moment, ‏so blinded by desire, ‏that they cannot foresee the pain and trouble that are bound to ensue; ‏and equal blame belongs to those who fail in their duty through weakness of will, ‏which is the same as saying through shrinking from toil and pain. ‏These cases are perfectly simple and easy to distinguish. ‏In a free hour, ‏when our power of choice is untrammelled and when nothing prevents our being able to do what we like best, ‏every pleasure is to be welcomed and every pain avoided. ‏But in certain circumstances and owing to the claims of duty or the obligations of business it will frequently occur that pleasures have to be repudiated and annoyances accepted. ‏The wise man therefore always holds in these matters to this principle of selection: ‏he rejects pleasures to secure other greater pleasures, ‏or else he endures pains to avoid worse pains.\"help@lipsum.comPrivacy Policy', '', '1601144079', '', '2', '0'),
(201, 172, 306, 18, '😁', '', '1601144117', '', '2', '0'),
(202, 172, 306, 18, '😆', '', '1601144128', '', '2', '0'),
(203, 172, 306, 18, '🤩😂😅😆😘😃😃', '', '1601144136', '', '2', '0'),
(204, 184, 317, 261, 'ola', '', '1601172328', '', '2', '0'),
(205, 189, 320, 18, 'hi', '', '1601293325', '', '2', '0'),
(206, 195, 336, 261, 'hello', 'sufyan', '1601990529', '', '2', '0'),
(207, 196, 336, 45, 'me 150 rupiya dega', 'sufyan', '1601990649', '', '2', '0'),
(208, 172, 306, 18, 'hello ', '', '1602259300', '', '2', '0'),
(209, 172, 306, 18, 'hi', '', '1602259337', '', '2', '0'),
(210, 172, 306, 18, 'hello', '', '1602260090', '', '2', '0'),
(211, 172, 306, 18, 'Buffy', '', '1602263149', '', '2', '0'),
(212, 205, 348, 43, '07866123456', 'kajfasz', '1602402699', '', '2', '0'),
(213, 203, 306, 254, 'hi', '', '1602404135', '', '2', '0'),
(214, 206, 306, 200, 'hello friend ', '', '1602404755', '', '2', '0'),
(215, 209, 354, 40, 'hi', '', '1602707038', '', '2', '0'),
(216, 210, 355, 18, 'hi', '', '1602745454', '', '2', '0'),
(217, 210, 355, 18, 'I need to buy', '', '1602745471', '', '2', '0'),
(218, 211, 306, 250, 'hello', '', '1602759979', '', '2', '0'),
(219, 211, 306, 250, '', '', '1602759982', '', '2', '0'),
(220, 211, 306, 250, '', '', '1602760000', '', '2', '0'),
(221, 213, 360, 43, 'hello', 'Ehtisham Khan', '1602873384', '', '2', '0'),
(222, 214, 362, 43, 'hello', 'Ehtisham Khan', '1602873919', '', '2', '0'),
(223, 216, 366, 206, 'Hello word', '', '1603233688', '', '2', '0'),
(224, 225, 371, 45, 'hello', 'maxwell', '1603526694', '', '2', '0'),
(225, 226, 371, 280, 'hello', 'maxwell', '1603526716', '', '2', '0'),
(226, 227, 373, 43, 'jsjsjs', 'borneo', '1603635733', '', '2', '0'),
(227, 228, 151, 200, 'hello', '', '1603730966', '', '2', '0'),
(228, 229, 213, 18, 'gj', '', '1604056874', '', '2', '0'),
(229, 235, 373, 373, 'helo', 'borneo', '1604748703', '', '2', '0'),
(230, 235, 373, 373, 'yoyo', 'borneo', '1604748753', '', '2', '0'),
(231, 236, 382, 40, 'gff', '', '1604750340', '', '2', '0'),
(232, 237, 382, 382, 'gff', 'DE', '1604751615', '', '2', '0'),
(233, 238, 384, 373, 'haloha..i want to buy this', 'dell', '1604796331', '', '2', '0'),
(234, 238, 373, 384, 'ok', 'borneo', '1604796667', '', '2', '0'),
(235, 182, 316, 18, 'hi', 'fajri', '1604911970', '', '2', '0'),
(236, 243, 181, 18, 'hi', '', '1605357172', '', '2', '0'),
(237, 244, 389, 43, 'testing', 'ANGEL RE', '1605367064', '', '2', '0'),
(238, 245, 390, 18, 'hi', '', '1605369392', '', '2', '0'),
(239, 247, 393, 43, 'Hi', 'madhusudan', '1605444940', '', '2', '0'),
(240, 248, 394, 254, 'hello', 'gr', '1605461319', '', '2', '0'),
(241, 172, 306, 18, 'hello', '', '1605721043', '', '2', '0'),
(242, 252, 404, 18, 'h', 'Juaara', '1605853332', '', '2', '0'),
(243, 253, 405, 259, 'hii', '', '1605947351', '', '2', '0'),
(244, 204, 306, 45, 'hi', '', '1606392303', '', '2', '0'),
(245, 256, 306, 280, 'hi', '', '1606397775', '', '2', '0'),
(246, 259, 410, 45, 'good morning sir', '', '1606433230', '', '2', '0'),
(247, 259, 410, 45, 'please I wanna rent a car', '', '1606433240', '', '2', '0'),
(248, 260, 418, 18, 'Hello', '123456', '1606552380', '', '2', '0'),
(249, 261, 420, 200, 'hello', '', '1606623406', '', '2', '0'),
(250, 263, 423, 254, 'hi', '', '1606803933', '', '2', '0'),
(251, 265, 424, 45, 'gucu', '', '1606820738', '', '2', '0'),
(252, 266, 426, 18, 'hi', '', '1606984050', '', '2', '0'),
(253, 267, 259, 430, 'hello how r u Peter Mullick?', 'Sunny Cindrella', '1607025903', '', '2', '0'),
(254, 267, 259, 430, 'I\'m interested in ur product', 'Sunny Cindrella', '1607025911', '', '2', '0'),
(255, 267, 259, 430, 'I wish to buy a dog', 'Sunny Cindrella', '1607025914', '', '2', '0'),
(256, 267, 430, 259, 'hello how r u?', 'Sunny Cindrella', '1607026049', '', '2', '0'),
(257, 267, 430, 259, 'I\'m glad', 'Sunny Cindrella', '1607026051', '', '2', '0'),
(258, 267, 430, 259, 'let\'s have a deal?', 'Sunny Cindrella', '1607026056', '', '2', '0'),
(259, 267, 430, 259, 'hello', 'Sunny Cindrella', '1607026611', '', '2', '0'),
(260, 267, 430, 259, 'burp', 'Sunny Cindrella', '1607063518', '', '2', '0'),
(261, 30, 43, 18, 'hi', '', '1607087004', '', '2', '0'),
(262, 270, 432, 373, 'hii', '', '1607238555', '', '2', '0'),
(263, 270, 432, 373, 'hii', '', '1607238560', '', '2', '0'),
(264, 272, 418, 278, 'hi', '123456', '1607320145', '', '2', '0'),
(265, 272, 418, 278, 'hi', '123456', '1607320487', '', '2', '0'),
(266, 272, 418, 278, 'hello', '123456', '1607320503', '', '2', '0'),
(267, 272, 418, 278, 'ok', '123456', '1607320523', '', '2', '0'),
(268, 272, 418, 278, 'is it', '123456', '1607320542', '', '2', '0'),
(269, 275, 434, 19, 'hi', '', '1607462863', '', '2', '0'),
(270, 278, 437, 235, 'hello', '', '1607581189', '', '2', '0'),
(271, 255, 407, 150, 'hsjjjs', '', '1607746580', '', '2', '0'),
(272, 286, 445, 235, 'jsjsjsja', 'fred', '1607895733', '', '2', '0'),
(273, 290, 311, 18, 'yyg', '', '1607949188', '', '2', '0'),
(274, 291, 449, 262, 'test', 'Jerome', '1607975452', '', '2', '0'),
(275, 172, 306, 18, 'hem', '', '1608053362', '', '2', '0'),
(276, 172, 306, 18, '', '', '1608053365', '', '2', '0'),
(277, 172, 306, 18, 'hello', '', '1608053701', '', '2', '0'),
(278, 172, 306, 18, '', '', '1608055797', '', '2', '0'),
(279, 292, 452, 401, 'xin chào', 'samhand', '1608109327', '', '2', '0'),
(280, 260, 418, 18, 'hi', '123456', '1608225831', '', '2', '0'),
(281, 292, 452, 401, 'hi', 'samhand', '1608567307', '', '2', '0'),
(282, 30, 43, 18, 'hi', '', '1608577473', '', '2', '0'),
(283, 172, 306, 18, '', '', '1608634691', '', '2', '0'),
(284, 172, 306, 18, 'hhhh', '', '1608634695', '', '2', '0'),
(285, 300, 306, 418, 'helo', '', '1608792664', '', '2', '0'),
(286, 172, 306, 18, 'xgxhxh', '', '1608883104', '', '2', '0'),
(287, 300, 306, 418, 'ok', '', '1608883180', '', '2', '0'),
(288, 260, 418, 18, 'ok', 'narayan soni', '1608893054', '', '2', '0'),
(289, 300, 306, 418, 'hi', 'abc tester', '1608901167', '', '2', '0'),
(290, 301, 401, 43, 'hi', 'MP', '1608911988', '', '2', '0'),
(291, 301, 401, 43, 'monty here', 'MP', '1608911993', '', '2', '0'),
(292, 301, 43, 401, 'hi', '', '1608912436', '', '2', '0'),
(293, 301, 401, 43, 'i am here', 'MP', '1608912489', '', '2', '0'),
(294, 272, 418, 278, 'hello brother', 'narayan soni', '1608965174', '', '2', '0'),
(295, 306, 473, 18, 'hii', '', '1609184739', '', '2', '0'),
(296, 309, 278, 19, 'tester', '', '1609245775', '', '2', '0'),
(297, 311, 475, 43, 'test', '', '1609263089', '', '2', '0'),
(298, 172, 306, 18, 'ok', 'abc tester', '1609264261', '', '2', '0'),
(299, 149, 278, 45, 'testee', '', '1609407700', '', '2', '0'),
(300, 272, 418, 278, 'okay', 'narayan soni', '1609407709', '', '2', '0'),
(301, 300, 306, 418, 'hi', 'abc tester', '1609421293', '', '2', '0'),
(302, 300, 306, 418, 'ok', 'abc tester', '1609421451', '', '2', '0'),
(303, 300, 306, 418, 'hhh', 'abc tester', '1609421477', '', '2', '0'),
(304, 300, 306, 418, 'hi', 'abc tester', '1609421786', '', '2', '0'),
(305, 300, 306, 418, 'hhh', 'abc tester', '1609421804', '', '2', '0'),
(306, 300, 418, 418, 'hi', 'narayan soni', '1609421878', '', '2', '0'),
(307, 300, 418, 306, 'hello', 'narayan soni', '1609422009', '', '2', '0'),
(308, 300, 306, 306, 'ok', 'abc tester', '1609422275', '', '2', '0'),
(309, 300, 306, 418, 'accha', 'abc tester', '1609422615', '', '2', '0'),
(310, 300, 306, 418, 'ok', 'abc tester', '1609422633', '', '2', '0'),
(311, 300, 418, 418, 'good', 'narayan soni', '1609422684', '', '2', '0'),
(312, 300, 418, 418, 'hello to your ', 'narayan soni', '1609422731', '', '2', '0'),
(313, 300, 306, 418, 'hello', 'abc tester', '1609423009', '', '2', '0'),
(314, 300, 306, 418, 'dnfn', 'abc tester', '1609423047', '', '2', '0'),
(315, 300, 306, 418, 'ddd', 'abc tester', '1609423061', '', '2', '0'),
(316, 300, 306, 418, 'dkkdjf', 'abc tester', '1609423062', '', '2', '0'),
(317, 300, 306, 418, 'djdnjd', 'abc tester', '1609423065', '', '2', '0'),
(318, 312, 418, 418, 'hi', 'narayan soni', '1609435522', '', '2', '0'),
(319, 300, 306, 418, 'hi', 'abc tester', '1609435616', '', '2', '0'),
(320, 300, 418, 306, 'ok', 'narayan soni', '1609435650', '', '2', '0'),
(321, 300, 418, 306, 'hello', 'narayan soni', '1609435670', '', '2', '0'),
(322, 300, 306, 418, 'send feedback', 'abc tester', '1609435721', '', '2', '0'),
(323, 300, 418, 306, 'ok', 'narayan soni', '1609435731', '', '2', '0'),
(324, 300, 418, 306, 'a', 'narayan soni', '1609435791', '', '2', '0'),
(325, 300, 418, 306, 'ok', 'narayan soni', '1609435860', '', '2', '0'),
(326, 300, 418, 306, 'hello ', 'narayan soni', '1609436257', '', '2', '0'),
(327, 300, 418, 306, 'hello ', 'narayan soni', '1609436280', '', '2', '0'),
(328, 300, 418, 306, 'hi am just wondering about what you’re doing today and ', 'narayan soni', '1609436397', '', '2', '0'),
(329, 300, 418, 306, 'fgjtsskggkzjgzjzg', 'narayan soni', '1609436433', '', '2', '0'),
(330, 300, 418, 306, 'ok', 'narayan soni', '1609436541', '', '2', '0'),
(331, 300, 418, 306, 'hello and do not forget to call her at home she ', 'narayan soni', '1609436844', '', '2', '0'),
(332, 300, 418, 306, 'ghgggf', 'narayan soni', '1609437031', '', '2', '0'),
(333, 300, 418, 306, 'hello', 'narayan soni', '1609437107', '', '2', '0'),
(334, 300, 418, 306, 'hdfhdahga', 'narayan soni', '1609437282', '', '2', '0'),
(335, 300, 418, 306, 'hi mhchgh hgjv', 'narayan soni', '1609437538', '', '2', '0'),
(336, 300, 418, 306, 'hdhfh', 'narayan soni', '1609437660', '', '2', '0'),
(337, 300, 418, 306, 'fjfufuurhhrhr', 'narayan soni', '1609437672', '', '2', '0'),
(338, 300, 418, 306, 'hrhfhf', 'narayan soni', '1609437684', '', '2', '0'),
(339, 300, 418, 306, 'aayrfshsfjsjf', 'narayan soni', '1609437740', '', '2', '0'),
(340, 300, 418, 306, 'okay', 'narayan soni', '1609437944', '', '2', '0'),
(341, 316, 445, 445, 'bdnnnd', 'fred', '1609587852', '', '2', '0'),
(342, 2, 3, 10, 'hii', 'mayank', '1609593819', '', '2', '0'),
(343, 2, 3, 10, 'hii', 'mayank', '1609594009', '', '2', '0'),
(344, 320, 488, 261, 'Hgv', 'matt', '1609737050', '', '2', '0'),
(345, 260, 418, 18, 'hrllo', 'narayan soni', '1609780816', '', '2', '0'),
(346, 300, 306, 418, 'hel', 'abc tester', '1609821863', '', '2', '0'),
(347, 300, 418, 306, 'ok', 'narayan soni', '1609821912', '', '2', '0'),
(348, 300, 306, 418, 'hello', 'abc tester', '1609821968', '', '2', '0'),
(349, 300, 418, 306, 'gvc', 'narayan soni', '1609822005', '', '2', '0'),
(350, 300, 306, 418, 'ok', 'abc tester', '1609822248', '', '2', '0'),
(351, 300, 306, 418, 'grg', 'abc tester', '1609822278', '', '2', '0'),
(352, 300, 306, 418, 'ghe', 'abc tester', '1609822308', '', '2', '0'),
(353, 300, 306, 418, 'fgg', 'abc tester', '1609822677', '', '2', '0'),
(354, 300, 306, 418, 'hi', 'abc tester', '1609822724', '', '2', '0'),
(355, 300, 306, 418, 'hdhfh', 'abc tester', '1609822773', '', '2', '0'),
(356, 300, 418, 306, 'vjjvjvjvjjvjvjvjvjvjvjv', 'narayan soni', '1609822830', '', '2', '0'),
(357, 300, 418, 306, 'sttsts', 'narayan soni', '1609822840', '', '2', '0'),
(358, 300, 418, 306, 'g', 'narayan soni', '1609822865', '', '2', '0'),
(359, 300, 418, 306, 'chhchczyfhzfhzf', 'narayan soni', '1609823107', '', '2', '0'),
(360, 300, 418, 306, 'yzfzyfzufxuuuddxuxu', 'narayan soni', '1609823302', '', '2', '0'),
(361, 300, 418, 306, 'chgxgcccgchhhvhvhvhvhhvhhvhvvh', 'narayan soni', '1609823349', '', '2', '0'),
(362, 300, 418, 306, 'dttddt', 'narayan soni', '1609823404', '', '2', '0'),
(363, 300, 418, 306, 'xyryzfyxfu', 'narayan soni', '1609823446', '', '2', '0'),
(364, 300, 418, 306, 'setey', 'narayan soni', '1609823523', '', '2', '0'),
(365, 300, 418, 306, 'chhchc', 'narayan soni', '1609823587', '', '2', '0'),
(366, 300, 418, 306, 'chhchcch', 'narayan soni', '1609823629', '', '2', '0'),
(367, 300, 418, 306, 'ff', 'narayan soni', '1609823634', '', '2', '0'),
(368, 300, 306, 418, 'ctcgvyvh', 'abc tester', '1609823654', '', '2', '0'),
(369, 300, 418, 306, 'fgcff', 'narayan soni', '1609823703', '', '2', '0'),
(370, 300, 418, 306, 'xggzxgfzsg', 'narayan soni', '1609823720', '', '2', '0'),
(371, 300, 418, 306, 'cv hhc cv ch', 'narayan soni', '1609823758', '', '2', '0'),
(372, 300, 418, 306, 'hzfzhfzhfxzufzjfzjfz', 'narayan soni', '1609823805', '', '2', '0'),
(373, 300, 306, 418, 'ok', 'abc tester', '1609824962', '', '2', '0'),
(374, 300, 418, 306, 'hi', 'narayan soni', '1609830579', '', '2', '0'),
(375, 300, 418, 306, 'hhh vjjvjvjvjjvjvjvjvjvjvjv', 'narayan soni', '1609830721', '', '2', '0'),
(376, 300, 306, 418, 'hello', 'abc tester', '1609832095', '', '2', '0'),
(377, 300, 418, 306, 'cycchch', 'narayan soni', '1609832128', '', '2', '0'),
(378, 300, 418, 306, 'txestdycyfcyfc', 'narayan soni', '1609832144', '', '2', '0'),
(379, 300, 418, 306, 'ydd yfcyfycchchch', 'narayan soni', '1609832169', '', '2', '0'),
(380, 300, 306, 418, 'hi gggohdhd', 'abc tester', '1609832287', '', '2', '0'),
(381, 183, 306, 306, 'vhv', 'abc tester', '1609832363', '', '2', '0'),
(382, 300, 306, 418, 'cvxgggccg', 'abc tester', '1609832384', '', '2', '0'),
(383, 183, 306, 306, ' hdmm', 'abc tester', '1609866608', '', '2', '0'),
(384, 183, 306, 306, 'hhfh', 'abc tester', '1609866620', '', '2', '0'),
(385, 328, 494, 18, 'hi', '', '1609934714', '', '2', '0'),
(386, 328, 494, 18, 'can I use your car', '', '1609934723', '', '2', '0'),
(387, 329, 494, 493, 'hi Sabastian', '', '1609935137', '', '2', '0'),
(388, 329, 493, 494, 'hi', '', '1609935157', '', '2', '0'),
(389, 329, 494, 493, 'any deal for me on this its', '', '1609935183', '', '2', '0'),
(390, 272, 278, 418, 'okay', '', '1610391853', '', '2', '0'),
(391, 272, 278, 418, 'yesterday ', '', '1610391869', '', '2', '0'),
(392, 149, 278, 45, 'well done', '', '1610391879', '', '2', '0'),
(393, 204, 306, 45, 'hello', 'abc tester', '1610617193', '', '2', '0'),
(394, 335, 504, 493, 'Hello', 'muo', '1610657867', '', '2', '0'),
(395, 335, 504, 493, 'Can you do it', 'muo', '1610657878', '', '2', '0'),
(396, 335, 504, 493, 'Test', 'muo', '1610657882', '', '2', '0'),
(397, 335, 504, 493, 'Fast', 'muo', '1610657886', '', '2', '0'),
(398, 335, 504, 493, 'Wow!', 'muo', '1610657895', '', '2', '0'),
(399, 344, 505, 43, 'ho', 'Amit', '1610897449', '', '2', '0'),
(400, 354, 516, 18, 'hola', '123456', '1611245741', '', '2', '0'),
(401, 354, 516, 18, 'hi', '123456', '1611245746', '', '2', '0'),
(402, 354, 516, 18, 'ok', '123456', '1611245853', '', '2', '0'),
(403, 355, 517, 18, 'que suis intéressé ', '', '1611246214', '', '2', '0'),
(404, 356, 511, 200, 'hi', '', '1611246229', '', '2', '0'),
(405, 357, 518, 18, 'test', '', '1611247190', '', '2', '0'),
(406, 358, 519, 45, 'Hell Noooooo ', '', '1611247582', '', '2', '0'),
(407, 361, 521, 235, 'good morning', '', '1611249215', '', '2', '0'),
(408, 361, 521, 235, 'hello', '', '1611249220', '', '2', '0'),
(409, 362, 522, 19, 'hi', '', '1611252467', '', '2', '0'),
(410, 362, 522, 19, 'susj', '', '1611252469', '', '2', '0'),
(411, 363, 525, 306, 'hi', '123456', '1611254245', '', '2', '0'),
(412, 365, 527, 43, 'vfjk', '', '1611265745', '', '2', '0'),
(413, 366, 530, 415, 'hi', '12345678', '1611266677', '', '2', '0'),
(414, 368, 532, 418, 'hey', '', '1611273500', '', '2', '0'),
(415, 368, 532, 418, 'haha', '', '1611273506', '', '2', '0'),
(416, 370, 535, 373, 'hi', '', '1611285643', '', '2', '0'),
(417, 372, 533, 19, 'hello', '', '1611295642', '', '2', '0'),
(418, 372, 533, 19, 'how are you ', '', '1611295650', '', '2', '0'),
(419, 376, 548, 45, 'grfg', 'te5ter123', '1611320150', '', '2', '0'),
(420, 378, 547, 43, 'jbh', '', '1611320801', '', '2', '0'),
(421, 379, 549, 18, 'hvvh', '', '1611321492', '', '2', '0'),
(422, 296, 460, 18, 'hi', 'john', '1611321599', '', '2', '0'),
(423, 381, 549, 478, 'hjvguj', '', '1611327677', '', '2', '0'),
(424, 383, 554, 373, 'This is testing', 'password2021', '1611336776', '', '2', '0'),
(425, 379, 549, 18, 'dfd', '', '1611338253', '', '2', '0'),
(426, 379, 549, 18, 'fgvf', '', '1611338257', '', '2', '0'),
(427, 384, 553, 445, 'hi', '123456', '1611345279', '', '2', '0'),
(428, 349, 510, 43, 'how the car condition?', '', '1611346004', '', '2', '0'),
(429, 385, 558, 510, 'hhjkk', 'fuckufuck', '1611347835', '', '2', '0'),
(430, 385, 558, 510, 'ghjk', 'fuckufuck', '1611347838', '', '2', '0'),
(431, 385, 558, 510, 'hjj', 'fuckufuck', '1611347840', '', '2', '0'),
(432, 385, 510, 558, 'ok', '', '1611347863', '', '2', '0'),
(433, 300, 306, 418, 'hi', 'abc tester', '1611379952', '', '2', '0'),
(434, 300, 306, 418, 'hello', 'abc tester', '1611379982', '', '2', '0'),
(435, 300, 306, 418, 'testing ', 'abc tester', '1611380010', '', '2', '0'),
(436, 300, 306, 418, 'kjhhjkhjhkjh', 'abc tester', '1611380246', '', '2', '0'),
(437, 300, 306, 418, 'hello', 'abc tester', '1611380379', '', '2', '0'),
(438, 390, 561, 19, 'hel ownr', '', '1611381111', '', '2', '0'),
(439, 391, 460, 45, 'hi', 'john', '1611382515', '', '2', '0'),
(440, 396, 576, 45, 'hi owmer', 'Ri1234fatcr@', '1611420892', '', '2', '0'),
(441, 396, 576, 45, 'hssks', 'Ri1234fatcr@', '1611420899', '', '2', '0'),
(442, 397, 575, 19, 'hi', 'qwerty', '1611425282', '', '2', '0'),
(443, 400, 579, 150, 'Hello', '1234567890', '1611439617', '', '2', '0'),
(444, 400, 579, 150, 'just a test message', '1234567890', '1611439626', '', '2', '0'),
(445, 395, 573, 18, 'hi', 'asdfghjkl', '1611481611', '', '2', '0'),
(446, 402, 590, 45, 'hi', '123456', '1611514310', '', '2', '0'),
(447, 404, 592, 43, 'hi', '12345678', '1611566225', '', '2', '0'),
(448, 407, 597, 43, 'yu', 'tinudoll1#', '1611573247', '', '2', '0'),
(449, 408, 598, 43, 'Hi', 'Melih Özsoy', '1611577577', '', '2', '0'),
(450, 410, 604, 18, 'hello', '123456', '1611630140', '', '2', '0'),
(451, 410, 604, 18, 'Test', '123456', '1611630155', '', '2', '0'),
(452, 412, 603, 45, 'примр', '11223344', '1611641450', '', '2', '0'),
(453, 413, 608, 18, 'fgg', 'abc123', '1611684336', '', '2', '0'),
(454, 416, 609, 18, 'hi', '', '1611720384', '', '2', '0'),
(455, 417, 607, 19, 'Hdud', '123456', '1611732628', '', '2', '0'),
(456, 417, 607, 19, 'Hdhde', '123456', '1611732633', '', '2', '0'),
(457, 418, 607, 607, 'Hey', '123456', '1611733014', '', '2', '0'),
(458, 419, 610, 19, 'hello', 'Yazaki786', '1611782060', '', '2', '0'),
(459, 419, 610, 19, 'I need help with this rental', 'Yazaki786', '1611782075', '', '2', '0'),
(460, 420, 427, 43, 'hi', '', '1611804727', '', '2', '0'),
(461, 421, 597, 19, 'मैने', 'tinudoll1#', '1611821487', '', '2', '0'),
(462, 422, 597, 18, 'ସେ ଦିନ', 'tinudoll1#', '1611821535', '', '2', '0'),
(463, 424, 616, 18, 'jello', '', '1611849893', '', '2', '0'),
(464, 426, 617, 45, 'hi', '', '1611896932', '', '2', '0'),
(465, 427, 618, 45, 'Hi ', '', '1611903108', '', '2', '0'),
(466, 429, 619, 43, 'oi', '', '1611942909', '', '2', '0'),
(467, 432, 628, 45, 'hello', '12345', '1612038501', '', '2', '0'),
(468, 434, 630, 19, 'try', 'Gundi', '1612077089', '', '2', '0'),
(469, 435, 630, 45, 'test', 'Gundi', '1612110222', '', '2', '0'),
(470, 437, 633, 18, 'helli', '', '1612213377', '', '2', '0'),
(471, 439, 634, 18, 'hello', '', '1612232206', '', '2', '0'),
(472, 441, 635, 45, 'hi', '12345678', '1612255037', '', '2', '0'),
(473, 441, 635, 45, 'hi', '12345678', '1612255040', '', '2', '0'),
(474, 442, 319, 18, 'hi', 'Rao', '1612259238', '', '2', '0'),
(475, 443, 639, 43, 'hello', '', '1612311687', '', '2', '0'),
(476, 444, 644, 18, 'hi', '123456', '1612329499', '', '2', '0'),
(477, 445, 645, 45, 'hello', '', '1612351996', '', '2', '0'),
(478, 446, 651, 43, 'hi', '', '1612367525', '', '2', '0'),
(479, 447, 653, 18, 'hello', 'complex7', '1612405256', '', '2', '0'),
(480, 448, 653, 19, 'hello', 'complex7', '1612405315', '', '2', '0'),
(481, 454, 659, 45, 'hi', 'Loveme12', '1612478913', '', '2', '0'),
(482, 454, 659, 45, 't', 'Loveme12', '1612478917', '', '2', '0'),
(483, 446, 651, 43, 'hello', '', '1612503466', '', '2', '0'),
(484, 455, 660, 19, 'gsjsbd', '123456', '1612517041', '', '2', '0'),
(485, 460, 440, 18, 'test', 'NA', '1612564558', '', '2', '0'),
(486, 460, 440, 18, 'dddd', 'NA', '1612564561', '', '2', '0'),
(487, 460, 440, 18, 'hhh', 'NA', '1612564562', '', '2', '0'),
(488, 461, 660, 18, 'hdjdbd', '123456', '1612596633', '', '2', '0'),
(489, 464, 662, 43, 'hi', '', '1612678312', '', '2', '0'),
(490, 466, 671, 18, 'hello', '@Gabar$101', '1612687392', '', '2', '0'),
(491, 466, 671, 18, 'can I rent your house?', '@Gabar$101', '1612687410', '', '2', '0'),
(492, 467, 674, 18, 'hi', 'Anirudh', '1612714584', '', '2', '0'),
(493, 471, 668, 45, 'oi', '', '1612901410', '', '2', '0'),
(494, 462, 669, 18, ' hi', '$Service1', '1612907035', '', '2', '0'),
(495, 462, 669, 18, 'are you here?', '$Service1', '1612907047', '', '2', '0'),
(496, 472, 670, 43, 'тест', '', '1612913416', '', '2', '0'),
(497, 473, 682, 18, 'test', '123456789', '1612995803', '', '2', '0'),
(498, 475, 680, 43, 'hi', '', '1613073371', '', '2', '0'),
(499, 476, 544, 18, 'hiii', '', '1613112854', '', '2', '0'),
(500, 479, 641, 43, 'hi', '', '1613167469', '', '2', '0'),
(501, 328, 494, 18, 'is this item available??', '', '1613226383', '', '2', '0'),
(502, 475, 680, 43, 'hi', '', '1613228116', '', '2', '0'),
(503, 475, 680, 43, 'hello', '', '1613228120', '', '2', '0'),
(504, 473, 682, 18, 'hi', '123456789', '1613229611', '', '2', '0'),
(505, 473, 682, 18, 'hello', '123456789', '1613229614', '', '2', '0'),
(506, 473, 682, 18, 'how\'s you ', '123456789', '1613229617', '', '2', '0'),
(507, 481, 681, 43, 'test', '', '1613351448', '', '2', '0'),
(508, 482, 697, 18, 'ciao', 'password', '1613504922', '', '2', '0'),
(509, 482, 697, 18, 'ci sei?', 'password', '1613504930', '', '2', '0'),
(510, 483, 690, 510, 'helllooooo', 'ciao', '1613566512', '', '2', '0'),
(511, 483, 510, 690, 'hai', '', '1613566601', '', '2', '0'),
(512, 485, 691, 18, 'hi', '', '1613574143', '', '2', '0'),
(513, 486, 703, 43, 'hello', 'test321', '1613582455', '', '2', '0'),
(514, 488, 705, 43, 'Hello, nice tattoo', 'Brillante#19', '1613595159', '', '2', '0'),
(515, 489, 695, 43, 'hi', '123456', '1613619288', '', '2', '0'),
(516, 407, 597, 43, 'rttggv', 'tinudoll1#', '1613741965', '', '2', '0'),
(517, 482, 697, 18, 'test', 'Paolo', '1613794739', '', '2', '0'),
(518, 493, 708, 43, 'bjcg', '', '1613851126', '', '2', '0'),
(519, 493, 708, 43, 'bjcghhf', '', '1613851130', '', '2', '0'),
(520, 431, 625, 18, 'iegeisgs', '123456', '1613896745', '', '2', '0'),
(521, 495, 713, 43, 'hi', '123456', '1613979077', '', '2', '0'),
(522, 501, 707, 43, 'test', '', '1614123608', '', '2', '0'),
(523, 501, 707, 43, 'g', '', '1614123611', '', '2', '0'),
(524, 502, 719, 18, '..', 'xavid', '1614184464', '', '2', '0'),
(525, 506, 714, 45, 'Hi', '', '1614280075', '', '2', '0'),
(526, 506, 714, 45, 'I like u', '', '1614280077', '', '2', '0'),
(527, 507, 718, 718, 'hi', '', '1614391406', '', '2', '0'),
(528, 507, 718, 718, 'is your car available?', '', '1614391435', '', '2', '0'),
(529, 508, 445, 150, 'hdjdmdm', 'fred', '1614446590', '', '2', '0'),
(530, 510, 713, 45, 'hu', '123456', '1614508894', '', '2', '0'),
(531, 512, 720, 18, 'hell', '', '1614511942', '', '2', '0'),
(532, 513, 721, 43, 'isi8ehe', '', '1614516310', '', '2', '0'),
(533, 514, 723, 18, 'hi', '', '1614519969', '', '2', '0'),
(534, 515, 721, 18, 'iebiebe', '', '1614529442', '', '2', '0'),
(535, 517, 726, 18, 'yow', '', '1614559075', '', '2', '0'),
(536, 518, 727, 18, 'hi', '', '1614585270', '', '2', '0'),
(537, 520, 732, 18, 'الب', '', '1614631235', '', '2', '0'),
(538, 522, 735, 45, 'gg', 'swati', '1614726655', '', '2', '0'),
(539, 522, 735, 45, 'gg', 'swati', '1614726662', '', '2', '0'),
(540, 528, 749, 510, 'hi', 'okokok@@', '1614757812', '', '2', '0'),
(541, 530, 741, 18, 'Hi', '', '1614850167', '', '2', '0'),
(542, 532, 755, 45, 'salm', '123456', '1614859250', '', '2', '0'),
(543, 526, 748, 18, 'test', 'okokok@@', '1614898496', '', '2', '0'),
(544, 536, 757, 18, 'هاي', '', '1615056273', '', '2', '0'),
(545, 536, 757, 18, 'كيف حالك ', 'dimercato', '1615066793', '', '2', '0'),
(546, 541, 779, 43, 'hello, is it available?', 'Jony', '1615442465', '', '2', '0'),
(547, 546, 773, 18, 'test', 'franq', '1615470734', '', '2', '0'),
(548, 549, 760, 43, 'hi', 'fathi', '1615484785', '', '2', '0'),
(549, 551, 786, 43, 'test', 'Mann1234', '1615513504', '', '2', '0'),
(550, 185, 306, 43, 'wich buttom Is not working', 'abc tester', '1615517332', '', '2', '0'),
(551, 172, 306, 18, 'hour booking not working', 'abc tester', '1615517656', '', '2', '0'),
(552, 553, 789, 18, 'hello owner. ', '12345678@123A#', '1615614096', '', '2', '0'),
(553, 554, 779, 19, 'fjdjdjd', 'Jony', '1615633261', '', '2', '0'),
(554, 555, 785, 43, 'ol', '', '1615780344', '', '2', '0'),
(555, 555, 785, 43, 'ola', '', '1615780348', '', '2', '0'),
(556, 556, 786, 18, 'hello', 'Mann1234', '1615781776', '', '2', '0'),
(557, 557, 771, 18, ' hi', '!avinash@', '1615800364', '', '2', '0'),
(558, 553, 789, 18, 'tuhg', '12345678@123A#', '1615808300', '', '2', '0'),
(559, 553, 789, 18, 'test', '12345678@123A#', '1615808303', '', '2', '0'),
(560, 562, 805, 18, 'hi', 'why', '1615954465', '', '2', '0'),
(561, 564, 806, 401, 'hi', 'Mohammed', '1615958232', '', '2', '0'),
(562, 566, 807, 43, 'he testing app', 'KM', '1615972911', '', '2', '0'),
(563, 567, 807, 18, 'helo', 'KM', '1615973063', '', '2', '0'),
(564, 569, 807, 807, 'hello', 'KM', '1615974385', '', '2', '0'),
(565, 569, 807, 807, '??', 'KM', '1615974413', '', '2', '0'),
(566, 569, 807, 807, 'h', 'KM', '1615975014', '', '2', '0'),
(567, 570, 792, 45, 'hii', '', '1616017180', '', '2', '0'),
(568, 571, 812, 18, 'hi', 'Engr Bilawal Hussain', '1616065117', '', '2', '0'),
(569, 571, 812, 18, 'whats price is for demo', 'Engr Bilawal Hussain', '1616065133', '', '2', '0'),
(570, 574, 817, 43, 'hey', 'Superl0ck@2018', '1616101744', '', '2', '0'),
(571, 576, 821, 18, 'hey, is this available?', 'kiwakookano', '1616175632', '', '2', '0'),
(572, 578, 760, 18, 'please ‎call ‎me', 'fathi', '1616246476', '', '2', '0'),
(573, 578, 760, 18, 'my ‎323432', 'fathi', '1616246487', '', '2', '0'),
(574, 579, 814, 651, 'hello', '', '1616249353', '', '2', '0'),
(575, 579, 814, 651, 'hii', '', '1616249357', '', '2', '0'),
(576, 580, 814, 814, 'hello', '', '1616250318', '', '2', '0'),
(577, 579, 814, 651, 'hii', '', '1616250472', '', '2', '0'),
(578, 580, 814, 814, 'ji', '', '1616250483', '', '2', '0'),
(579, 580, 814, 814, 'he\'ll', '', '1616251021', '', '2', '0'),
(580, 584, 816, 757, 'hi', '', '1616320776', '', '2', '0'),
(581, 587, 819, 18, 'hola', '', '1616360015', '', '2', '0'),
(582, 589, 819, 43, 'hgf7', '', '1616379346', '', '2', '0'),
(583, 589, 819, 43, 'ujhv', '', '1616379350', '', '2', '0'),
(584, 590, 807, 45, 'hi', 'KM', '1616394892', '', '2', '0'),
(585, 591, 807, 603, 'hell0', 'KM', '1616396482', '', '2', '0'),
(586, 569, 807, 807, 'he', 'KM', '1616396617', '', '2', '0'),
(587, 569, 807, 807, 'hi', 'KM', '1616396879', '', '2', '0'),
(588, 569, 807, 807, 'hello', 'KM', '1616397184', '', '2', '0'),
(589, 569, 807, 807, 'test', 'KM', '1616397214', '', '2', '0'),
(590, 569, 807, 807, '123', 'KM', '1616397245', '', '2', '0'),
(591, 592, 834, 607, 'hi', '', '1616402964', '', '2', '0');

-- --------------------------------------------------------

--
-- Table structure for table `chat_thread`
--

CREATE TABLE `chat_thread` (
  `id` int(11) NOT NULL,
  `sender_id` int(11) NOT NULL,
  `receiver_id` int(11) NOT NULL,
  `created_at` datetime NOT NULL
) ENGINE=MyISAM DEFAULT CHARSET=utf8 COLLATE=utf8_unicode_ci;

--
-- Dumping data for table `chat_thread`
--

INSERT INTO `chat_thread` (`id`, `sender_id`, `receiver_id`, `created_at`) VALUES
(1, 3, 1, '2020-07-01 08:06:21'),
(4, 3, 4, '2020-07-02 03:20:49'),
(3, 2, 3, '2020-07-02 02:40:47'),
(5, 9, 3, '2020-07-04 05:19:53'),
(6, 13, 3, '2020-07-05 01:42:34'),
(7, 13, 2, '2020-07-05 01:50:48'),
(8, 24, 19, '2020-07-15 11:48:38'),
(9, 25, 19, '2020-07-16 12:04:31'),
(10, 26, 18, '2020-07-16 12:27:27'),
(11, 28, 18, '2020-07-16 12:43:38'),
(12, 29, 29, '2020-07-16 01:08:50'),
(13, 29, 19, '2020-07-16 01:09:35'),
(14, 32, 19, '2020-07-16 02:33:31'),
(15, 36, 19, '2020-07-16 06:05:08'),
(16, 36, 18, '2020-07-16 06:51:28'),
(17, 38, 29, '2020-07-16 09:41:03'),
(18, 49, 18, '2020-07-16 05:39:25'),
(19, 49, 43, '2020-07-16 05:39:37'),
(20, 51, 18, '2020-07-16 09:32:45'),
(21, 52, 45, '2020-07-16 09:56:07'),
(22, 53, 18, '2020-07-16 09:59:40'),
(23, 55, 43, '2020-07-16 10:36:11'),
(24, 60, 45, '2020-07-16 11:15:53'),
(25, 62, 45, '2020-07-16 11:56:21'),
(26, 57, 18, '2020-07-17 12:27:41'),
(27, 69, 18, '2020-07-17 01:25:26'),
(28, 70, 18, '2020-07-17 01:47:44'),
(29, 70, 43, '2020-07-17 01:49:58'),
(30, 43, 18, '2020-07-17 02:51:58'),
(31, 72, 18, '2020-07-17 04:19:33'),
(32, 79, 45, '2020-07-17 02:06:31'),
(33, 80, 18, '2020-07-17 02:35:19'),
(34, 80, 45, '2020-07-17 02:36:30'),
(35, 80, 73, '2020-07-17 02:39:27'),
(36, 76, 18, '2020-07-17 05:25:25'),
(37, 40, 18, '2020-07-17 07:33:30'),
(38, 84, 43, '2020-07-17 08:58:01'),
(39, 86, 18, '2020-07-17 11:52:56'),
(40, 85, 45, '2020-07-17 11:55:15'),
(41, 40, 73, '2020-07-18 12:02:03'),
(42, 88, 18, '2020-07-18 04:20:53'),
(43, 88, 45, '2020-07-18 04:27:15'),
(44, 48, 73, '2020-07-18 04:45:00'),
(45, 56, 73, '2020-07-18 08:06:52'),
(46, 90, 18, '2020-07-18 09:14:28'),
(47, 91, 73, '2020-07-18 01:20:57'),
(48, 43, 43, '2020-07-18 03:15:55'),
(49, 95, 73, '2020-07-18 11:27:05'),
(50, 96, 43, '2020-07-19 12:36:55'),
(51, 98, 18, '2020-07-19 01:29:18'),
(52, 98, 73, '2020-07-19 01:32:02'),
(53, 98, 45, '2020-07-19 01:37:05'),
(54, 101, 45, '2020-07-19 08:31:59'),
(55, 105, 45, '2020-07-19 08:37:54'),
(56, 104, 45, '2020-07-19 09:32:23'),
(57, 42, 43, '2020-07-20 12:13:24'),
(58, 108, 45, '2020-07-20 06:11:56'),
(59, 109, 73, '2020-07-20 10:57:46'),
(60, 112, 45, '2020-07-20 07:38:25'),
(61, 113, 18, '2020-07-20 09:57:06'),
(62, 19, 18, '2020-07-21 01:01:34'),
(63, 19, 45, '2020-07-21 01:25:53'),
(64, 115, 45, '2020-07-21 02:20:06'),
(65, 119, 18, '2020-07-21 12:01:22'),
(66, 121, 45, '2020-07-21 02:01:45'),
(67, 124, 73, '2020-07-22 02:53:27'),
(68, 125, 45, '2020-07-22 07:29:13'),
(69, 127, 18, '2020-07-23 12:13:51'),
(70, 128, 45, '2020-07-23 02:32:13'),
(71, 131, 45, '2020-07-23 04:37:08'),
(72, 134, 43, '2020-07-24 02:13:28'),
(73, 134, 18, '2020-07-24 05:20:03'),
(74, 140, 18, '2020-07-24 11:43:03'),
(75, 140, 43, '2020-07-24 11:45:31'),
(76, 141, 43, '2020-07-25 01:46:31'),
(77, 137, 45, '2020-07-25 11:27:18'),
(78, 145, 45, '2020-07-26 12:58:00'),
(79, 137, 18, '2020-07-26 02:16:13'),
(80, 144, 18, '2020-07-26 02:55:11'),
(81, 149, 43, '2020-07-26 07:48:22'),
(82, 151, 73, '2020-07-27 04:30:26'),
(83, 153, 18, '2020-07-28 04:57:14'),
(84, 154, 43, '2020-07-28 12:22:40'),
(85, 20, 43, '2020-07-30 04:49:26'),
(86, 159, 73, '2020-07-31 08:55:34'),
(87, 162, 45, '2020-08-01 01:20:23'),
(88, 167, 45, '2020-08-02 03:08:53'),
(89, 168, 45, '2020-08-02 05:13:04'),
(90, 165, 43, '2020-08-02 10:07:20'),
(91, 167, 18, '2020-08-03 11:58:39'),
(92, 174, 18, '2020-08-04 03:57:13'),
(93, 176, 18, '2020-08-04 06:22:14'),
(94, 177, 43, '2020-08-05 01:03:05'),
(95, 178, 43, '2020-08-05 04:06:14'),
(96, 56, 18, '2020-08-05 07:43:31'),
(97, 180, 43, '2020-08-06 08:29:33'),
(98, 185, 45, '2020-08-07 01:24:17'),
(99, 186, 18, '2020-08-07 05:27:10'),
(100, 187, 45, '2020-08-07 04:17:32'),
(101, 187, 18, '2020-08-07 04:19:59'),
(102, 191, 18, '2020-08-08 05:04:50'),
(103, 191, 43, '2020-08-08 05:24:50'),
(104, 198, 43, '2020-08-09 06:47:19'),
(105, 200, 18, '2020-08-10 02:47:16'),
(106, 201, 45, '2020-08-10 08:34:39'),
(107, 200, 45, '2020-08-10 12:57:42'),
(108, 90, 43, '2020-08-10 06:56:51'),
(109, 204, 43, '2020-08-10 11:29:48'),
(110, 206, 18, '2020-08-12 12:38:46'),
(111, 208, 45, '2020-08-12 03:39:11'),
(112, 209, 18, '2020-08-12 12:08:24'),
(113, 211, 73, '2020-08-12 04:33:14'),
(114, 216, 43, '2020-08-13 07:47:28'),
(115, 219, 45, '2020-08-14 08:39:15'),
(116, 221, 45, '2020-08-15 03:54:11'),
(117, 206, 43, '2020-08-15 05:18:25'),
(118, 223, 45, '2020-08-16 08:36:23'),
(119, 181, 45, '2020-08-16 12:31:48'),
(120, 131, 18, '2020-08-16 05:05:18'),
(121, 228, 43, '2020-08-17 02:28:08'),
(122, 229, 43, '2020-08-18 06:31:56'),
(123, 216, 18, '2020-08-18 04:44:48'),
(124, 231, 45, '2020-08-18 08:21:44'),
(125, 232, 18, '2020-08-19 01:59:17'),
(126, 234, 43, '2020-08-19 02:18:58'),
(127, 236, 235, '2020-08-19 11:38:39'),
(128, 238, 235, '2020-08-21 12:13:45'),
(129, 239, 18, '2020-08-21 05:58:29'),
(130, 240, 45, '2020-08-21 06:13:36'),
(131, 246, 73, '2020-08-23 06:56:17'),
(132, 246, 45, '2020-08-23 08:42:25'),
(133, 247, 43, '2020-08-24 12:20:51'),
(134, 249, 73, '2020-08-24 08:50:18'),
(135, 252, 18, '2020-08-26 08:06:59'),
(136, 254, 18, '2020-08-28 01:23:17'),
(137, 242, 43, '2020-08-29 05:52:29'),
(138, 258, 43, '2020-08-30 01:27:49'),
(139, 259, 45, '2020-08-30 04:40:35'),
(140, 259, 18, '2020-08-30 05:00:11'),
(141, 261, 235, '2020-08-31 04:48:53'),
(142, 261, 261, '2020-08-31 05:17:51'),
(143, 254, 254, '2020-08-31 11:24:55'),
(144, 264, 261, '2020-08-31 11:51:23'),
(145, 265, 18, '2020-09-01 03:19:56'),
(146, 266, 43, '2020-09-01 09:38:02'),
(147, 262, 262, '2020-09-01 06:52:37'),
(148, 148, 18, '2020-09-04 01:18:28'),
(149, 278, 45, '2020-09-04 11:50:04'),
(150, 280, 18, '2020-09-06 02:31:43'),
(151, 281, 280, '2020-09-06 04:01:52'),
(152, 223, 43, '2020-09-06 05:54:19'),
(153, 283, 18, '2020-09-07 08:25:18'),
(154, 285, 254, '2020-09-07 02:59:12'),
(155, 246, 262, '2020-09-07 03:34:16'),
(156, 254, 259, '2020-09-07 08:14:18'),
(157, 288, 18, '2020-09-08 03:22:07'),
(158, 287, 235, '2020-09-08 04:31:55'),
(159, 289, 18, '2020-09-08 10:13:51'),
(160, 291, 291, '2020-09-09 11:09:39'),
(161, 254, 291, '2020-09-09 11:21:01'),
(162, 292, 235, '2020-09-10 04:57:46'),
(163, 242, 150, '2020-09-10 05:47:14'),
(164, 293, 18, '2020-09-10 03:07:14'),
(165, 294, 45, '2020-09-10 05:38:55'),
(166, 296, 18, '2020-09-11 01:14:15'),
(167, 297, 45, '2020-09-11 03:10:06'),
(168, 19, 43, '2020-09-13 04:13:28'),
(169, 295, 45, '2020-09-13 02:55:48'),
(170, 301, 254, '2020-09-16 12:19:28'),
(171, 303, 200, '2020-09-17 09:23:19'),
(172, 306, 18, '2020-09-18 07:31:34'),
(173, 24, 45, '2020-09-20 10:37:06'),
(174, 307, 40, '2020-09-20 01:08:19'),
(175, 24, 280, '2020-09-20 03:37:30'),
(176, 309, 18, '2020-09-21 07:39:46'),
(177, 258, 18, '2020-09-21 04:08:59'),
(178, 309, 45, '2020-09-22 11:55:45'),
(179, 310, 43, '2020-09-22 08:31:19'),
(180, 314, 235, '2020-09-25 02:18:21'),
(181, 309, 43, '2020-09-25 08:07:52'),
(182, 316, 18, '2020-09-26 03:25:23'),
(183, 306, 306, '2020-09-26 11:42:35'),
(184, 317, 261, '2020-09-27 09:05:23'),
(185, 306, 43, '2020-09-27 09:40:47'),
(186, 317, 18, '2020-09-27 07:48:59'),
(187, 318, 261, '2020-09-28 01:36:07'),
(188, 320, 45, '2020-09-28 05:43:14'),
(189, 320, 18, '2020-09-28 06:42:00'),
(190, 323, 43, '2020-09-29 11:22:45'),
(191, 321, 18, '2020-09-30 11:37:37'),
(192, 321, 281, '2020-10-01 03:20:10'),
(193, 321, 291, '2020-10-01 07:03:24'),
(194, 319, 45, '2020-10-02 04:11:31'),
(195, 336, 261, '2020-10-06 08:22:05'),
(196, 336, 45, '2020-10-06 08:23:56'),
(197, 24, 18, '2020-10-07 05:28:31'),
(198, 336, 18, '2020-10-07 02:13:11'),
(199, 338, 43, '2020-10-07 02:13:56'),
(200, 338, 18, '2020-10-07 03:42:55'),
(201, 336, 250, '2020-10-07 06:17:57'),
(202, 340, 18, '2020-10-08 10:40:34'),
(203, 306, 254, '2020-10-09 10:51:22'),
(204, 306, 45, '2020-10-11 02:16:29'),
(205, 348, 43, '2020-10-11 02:51:23'),
(206, 306, 200, '2020-10-11 03:17:24'),
(207, 349, 45, '2020-10-11 08:49:03'),
(208, 24, 43, '2020-10-12 03:18:21'),
(209, 354, 40, '2020-10-15 03:23:53'),
(210, 355, 18, '2020-10-15 02:04:09'),
(211, 306, 250, '2020-10-15 06:06:10'),
(212, 357, 235, '2020-10-16 10:08:23'),
(213, 360, 43, '2020-10-17 01:36:19'),
(214, 362, 43, '2020-10-17 01:45:11'),
(215, 365, 260, '2020-10-20 11:28:29'),
(216, 366, 206, '2020-10-21 05:41:16'),
(217, 366, 45, '2020-10-21 05:46:03'),
(218, 115, 18, '2020-10-21 09:16:25'),
(219, 367, 45, '2020-10-23 12:57:04'),
(220, 369, 200, '2020-10-23 06:44:16'),
(221, 53, 45, '2020-10-23 11:13:32'),
(222, 353, 262, '2020-10-24 01:52:30'),
(223, 353, 261, '2020-10-24 01:52:59'),
(224, 369, 18, '2020-10-24 04:50:05'),
(225, 371, 45, '2020-10-24 03:04:50'),
(226, 371, 280, '2020-10-24 03:05:12'),
(227, 373, 43, '2020-10-25 09:22:08'),
(228, 151, 200, '2020-10-26 11:49:19'),
(229, 213, 18, '2020-10-30 06:21:05'),
(230, 267, 235, '2020-11-01 10:45:36'),
(231, 369, 254, '2020-11-03 02:11:43'),
(232, 373, 45, '2020-11-05 05:37:29'),
(233, 381, 18, '2020-11-07 02:42:51'),
(234, 373, 254, '2020-11-07 06:03:00'),
(235, 373, 373, '2020-11-07 06:31:37'),
(236, 382, 40, '2020-11-07 06:57:10'),
(237, 382, 382, '2020-11-07 07:20:12'),
(238, 384, 373, '2020-11-08 07:45:10'),
(239, 386, 43, '2020-11-11 02:50:36'),
(240, 386, 254, '2020-11-11 06:26:53'),
(241, 389, 18, '2020-11-12 06:29:57'),
(242, 389, 19, '2020-11-13 01:08:42'),
(243, 181, 18, '2020-11-14 07:32:48'),
(244, 389, 43, '2020-11-14 10:17:22'),
(245, 390, 18, '2020-11-14 10:56:22'),
(246, 213, 200, '2020-11-15 07:13:18'),
(247, 393, 43, '2020-11-15 07:55:32'),
(248, 394, 254, '2020-11-16 12:28:34'),
(249, 394, 43, '2020-11-16 12:43:11'),
(250, 398, 43, '2020-11-18 09:10:15'),
(251, 211, 18, '2020-11-19 06:16:03'),
(252, 404, 18, '2020-11-19 06:41:57'),
(253, 405, 259, '2020-11-21 03:29:05'),
(254, 280, 43, '2020-11-22 12:01:49'),
(255, 407, 150, '2020-11-25 05:44:52'),
(256, 306, 280, '2020-11-26 08:36:07'),
(257, 372, 200, '2020-11-26 11:12:25'),
(258, 372, 18, '2020-11-27 01:28:47'),
(259, 410, 45, '2020-11-27 06:27:04'),
(260, 418, 18, '2020-11-28 03:32:51'),
(261, 420, 200, '2020-11-29 11:16:41'),
(262, 422, 45, '2020-12-01 02:08:51'),
(263, 423, 254, '2020-12-01 01:25:27'),
(264, 423, 423, '2020-12-01 01:31:40'),
(265, 424, 45, '2020-12-01 06:05:31'),
(266, 426, 18, '2020-12-03 03:27:25'),
(267, 259, 430, '2020-12-04 03:04:48'),
(268, 430, 430, '2020-12-04 01:32:31'),
(269, 432, 18, '2020-12-06 02:14:10'),
(270, 432, 373, '2020-12-06 02:09:10'),
(271, 433, 45, '2020-12-07 06:49:09'),
(272, 418, 278, '2020-12-07 12:48:52'),
(273, 425, 18, '2020-12-08 10:53:00'),
(274, 434, 43, '2020-12-09 04:23:57'),
(275, 434, 19, '2020-12-09 04:27:40'),
(276, 436, 43, '2020-12-09 11:38:18'),
(277, 436, 18, '2020-12-09 11:41:13'),
(278, 437, 235, '2020-12-10 01:19:45'),
(279, 418, 19, '2020-12-10 06:28:06'),
(280, 437, 281, '2020-12-11 12:16:47'),
(281, 441, 18, '2020-12-12 02:50:28'),
(282, 443, 45, '2020-12-12 08:47:27'),
(283, 306, 373, '2020-12-12 09:56:37'),
(284, 443, 18, '2020-12-12 11:40:53'),
(285, 324, 45, '2020-12-13 12:26:22'),
(286, 445, 235, '2020-12-14 04:42:08'),
(287, 446, 18, '2020-12-14 04:51:55'),
(288, 445, 291, '2020-12-14 05:51:16'),
(289, 43, 47, '2020-12-14 06:39:03'),
(290, 311, 18, '2020-12-14 07:33:03'),
(291, 449, 262, '2020-12-15 02:50:41'),
(292, 452, 401, '2020-12-16 04:02:03'),
(293, 453, 43, '2020-12-16 10:10:13'),
(294, 453, 18, '2020-12-16 10:23:27'),
(295, 455, 45, '2020-12-18 09:15:29'),
(296, 460, 18, '2020-12-21 07:59:20'),
(297, 461, 18, '2020-12-22 02:30:32'),
(298, 462, 18, '2020-12-23 02:15:51'),
(299, 464, 43, '2020-12-24 02:25:43'),
(300, 306, 418, '2020-12-24 01:50:50'),
(301, 401, 43, '2020-12-25 10:59:38'),
(302, 306, 235, '2020-12-27 12:10:38'),
(303, 455, 254, '2020-12-27 02:41:04'),
(304, 468, 43, '2020-12-27 08:30:11'),
(305, 469, 452, '2020-12-28 04:09:09'),
(306, 473, 18, '2020-12-29 02:45:27'),
(307, 473, 43, '2020-12-29 02:47:57'),
(308, 475, 18, '2020-12-29 07:17:18'),
(309, 278, 19, '2020-12-29 07:42:45'),
(310, 476, 18, '2020-12-29 09:34:34'),
(311, 475, 43, '2020-12-30 12:31:24'),
(312, 418, 418, '2020-12-31 08:38:01'),
(313, 478, 18, '2020-12-31 10:36:33'),
(314, 306, 19, '2021-01-01 06:08:39'),
(315, 445, 261, '2021-01-02 05:58:38'),
(316, 445, 445, '2021-01-02 06:44:08'),
(317, 445, 19, '2021-01-02 08:48:46'),
(318, 445, 281, '2021-01-03 03:18:39'),
(319, 486, 259, '2021-01-03 04:56:21'),
(320, 488, 261, '2021-01-04 12:10:47'),
(321, 488, 43, '2021-01-04 02:58:13'),
(322, 278, 259, '2021-01-04 09:50:23'),
(323, 491, 43, '2021-01-06 12:18:27'),
(324, 240, 261, '2021-01-06 03:29:50'),
(325, 492, 18, '2021-01-06 09:26:11'),
(326, 435, 478, '2021-01-06 05:28:49'),
(327, 493, 43, '2021-01-06 06:06:47'),
(328, 494, 18, '2021-01-06 07:05:10'),
(329, 494, 493, '2021-01-06 07:11:05'),
(330, 496, 306, '2021-01-08 08:33:51'),
(331, 497, 455, '2021-01-09 01:59:15'),
(332, 24, 493, '2021-01-13 07:21:39'),
(333, 500, 206, '2021-01-13 10:28:02'),
(334, 503, 150, '2021-01-14 06:09:34'),
(335, 504, 493, '2021-01-15 03:57:42'),
(336, 505, 19, '2021-01-15 03:48:32'),
(337, 418, 261, '2021-01-15 09:22:01'),
(338, 418, 493, '2021-01-15 09:29:09'),
(339, 418, 415, '2021-01-15 09:37:09'),
(340, 418, 280, '2021-01-15 09:41:02'),
(341, 418, 45, '2021-01-16 01:13:14'),
(342, 433, 73, '2021-01-17 02:13:58'),
(343, 433, 259, '2021-01-17 02:27:46'),
(344, 505, 43, '2021-01-17 10:30:41'),
(345, 401, 445, '2021-01-18 01:12:47'),
(346, 507, 43, '2021-01-18 04:15:34'),
(347, 508, 18, '2021-01-19 01:43:06'),
(348, 418, 259, '2021-01-19 10:01:23'),
(349, 510, 43, '2021-01-20 06:26:31'),
(350, 390, 43, '2021-01-21 07:53:03'),
(351, 511, 19, '2021-01-21 01:44:21'),
(352, 511, 478, '2021-01-21 01:51:11'),
(353, 515, 73, '2021-01-21 11:14:25'),
(354, 516, 18, '2021-01-21 11:15:35'),
(355, 517, 18, '2021-01-21 11:23:26'),
(356, 511, 200, '2021-01-21 11:23:44'),
(357, 518, 18, '2021-01-21 11:39:43'),
(358, 519, 45, '2021-01-21 11:45:59'),
(359, 516, 306, '2021-01-21 11:50:35'),
(360, 520, 43, '2021-01-22 12:07:24'),
(361, 521, 235, '2021-01-22 12:13:26'),
(362, 522, 19, '2021-01-22 01:07:41'),
(363, 525, 306, '2021-01-22 01:37:14'),
(364, 389, 235, '2021-01-22 01:55:06'),
(365, 527, 43, '2021-01-22 04:49:01'),
(366, 530, 415, '2021-01-22 05:04:33'),
(367, 529, 18, '2021-01-22 05:41:52'),
(368, 532, 418, '2021-01-22 06:58:16'),
(369, 373, 478, '2021-01-22 09:21:23'),
(370, 535, 373, '2021-01-22 10:20:36'),
(371, 538, 43, '2021-01-22 12:41:32'),
(372, 533, 19, '2021-01-22 01:07:15'),
(373, 539, 19, '2021-01-22 03:25:24'),
(374, 513, 19, '2021-01-22 04:03:01'),
(375, 545, 18, '2021-01-22 07:35:16'),
(376, 548, 45, '2021-01-22 07:55:47'),
(377, 547, 373, '2021-01-22 08:05:47'),
(378, 547, 43, '2021-01-22 08:06:34'),
(379, 549, 18, '2021-01-22 08:18:05'),
(380, 550, 45, '2021-01-22 08:21:48'),
(381, 549, 478, '2021-01-22 10:01:09'),
(382, 306, 259, '2021-01-23 12:31:59'),
(383, 554, 373, '2021-01-23 12:32:48'),
(384, 553, 445, '2021-01-23 02:54:34'),
(385, 558, 510, '2021-01-23 03:37:11'),
(386, 560, 43, '2021-01-23 09:14:08'),
(387, 553, 45, '2021-01-23 09:14:18'),
(388, 549, 452, '2021-01-23 11:07:43'),
(389, 418, 484, '2021-01-23 12:07:45'),
(390, 561, 19, '2021-01-23 12:51:39'),
(391, 460, 45, '2021-01-23 01:15:07'),
(392, 43, 45, '2021-01-23 04:28:28'),
(393, 551, 43, '2021-01-23 05:40:51'),
(394, 572, 19, '2021-01-23 09:15:49'),
(395, 573, 18, '2021-01-23 09:23:41'),
(396, 576, 45, '2021-01-23 11:54:46'),
(397, 575, 19, '2021-01-24 01:07:56'),
(398, 578, 19, '2021-01-24 01:25:14'),
(399, 415, 45, '2021-01-24 01:30:04'),
(400, 579, 150, '2021-01-24 05:06:52'),
(401, 581, 18, '2021-01-24 02:13:57'),
(402, 590, 45, '2021-01-25 01:51:48'),
(403, 591, 43, '2021-01-25 03:05:04'),
(404, 592, 43, '2021-01-25 03:38:23'),
(405, 593, 43, '2021-01-25 06:31:59'),
(406, 278, 43, '2021-01-25 12:49:56'),
(407, 597, 43, '2021-01-25 06:13:57'),
(408, 598, 43, '2021-01-25 07:26:13'),
(409, 601, 18, '2021-01-26 02:12:32'),
(410, 604, 18, '2021-01-26 10:02:12'),
(411, 510, 18, '2021-01-26 12:26:51'),
(412, 603, 45, '2021-01-26 01:10:39'),
(413, 608, 18, '2021-01-26 09:57:53'),
(414, 610, 45, '2021-01-26 11:43:30'),
(415, 608, 45, '2021-01-27 01:06:42'),
(416, 609, 18, '2021-01-27 11:06:18'),
(417, 607, 19, '2021-01-27 02:30:18'),
(418, 607, 607, '2021-01-27 02:36:46'),
(419, 610, 19, '2021-01-28 04:14:15'),
(420, 427, 43, '2021-01-28 10:31:59'),
(421, 597, 19, '2021-01-28 03:10:50'),
(422, 597, 18, '2021-01-28 03:11:56'),
(423, 613, 18, '2021-01-28 06:57:46'),
(424, 616, 18, '2021-01-28 11:04:47'),
(425, 616, 45, '2021-01-28 11:11:35'),
(426, 617, 45, '2021-01-29 12:08:46'),
(427, 618, 45, '2021-01-29 01:51:34'),
(428, 618, 18, '2021-01-29 02:08:25'),
(429, 619, 43, '2021-01-30 12:55:07'),
(430, 625, 19, '2021-01-30 12:09:53'),
(431, 625, 18, '2021-01-31 02:06:33'),
(432, 628, 45, '2021-01-31 03:28:15'),
(433, 629, 603, '2021-01-31 12:05:45'),
(434, 630, 19, '2021-01-31 02:11:14'),
(435, 630, 45, '2021-01-31 11:22:49'),
(436, 464, 603, '2021-02-02 01:52:07'),
(437, 633, 18, '2021-02-02 04:02:46'),
(438, 633, 19, '2021-02-02 04:19:18'),
(439, 634, 18, '2021-02-02 09:16:41'),
(440, 311, 19, '2021-02-02 01:21:14'),
(441, 635, 45, '2021-02-02 03:37:10'),
(442, 319, 18, '2021-02-02 04:47:14'),
(443, 639, 43, '2021-02-03 07:21:18'),
(444, 644, 18, '2021-02-03 12:18:15'),
(445, 645, 45, '2021-02-03 06:33:12'),
(446, 651, 43, '2021-02-03 10:51:59'),
(447, 653, 18, '2021-02-04 09:20:44'),
(448, 653, 19, '2021-02-04 09:21:25'),
(449, 653, 150, '2021-02-04 09:23:35'),
(450, 653, 43, '2021-02-04 09:24:15'),
(451, 469, 18, '2021-02-04 03:07:11'),
(452, 656, 18, '2021-02-05 12:06:13'),
(453, 656, 43, '2021-02-05 12:08:11'),
(454, 659, 45, '2021-02-05 05:48:26'),
(455, 660, 19, '2021-02-05 11:26:40'),
(456, 660, 45, '2021-02-05 11:35:12'),
(457, 664, 45, '2021-02-05 01:21:49'),
(458, 656, 603, '2021-02-05 05:50:06'),
(459, 654, 19, '2021-02-05 06:50:59'),
(460, 440, 18, '2021-02-06 05:35:53'),
(461, 660, 18, '2021-02-06 02:30:27'),
(462, 669, 18, '2021-02-06 09:49:06'),
(463, 661, 18, '2021-02-07 06:52:04'),
(464, 662, 43, '2021-02-07 01:11:49'),
(465, 649, 45, '2021-02-07 01:13:09'),
(466, 671, 18, '2021-02-07 03:43:04'),
(467, 674, 18, '2021-02-07 11:16:13'),
(468, 664, 43, '2021-02-08 11:30:08'),
(469, 666, 43, '2021-02-09 11:17:36'),
(470, 667, 45, '2021-02-09 09:39:43'),
(471, 668, 45, '2021-02-10 03:09:58'),
(472, 670, 43, '2021-02-10 06:30:08'),
(473, 682, 18, '2021-02-11 05:23:14'),
(474, 673, 18, '2021-02-11 03:54:04'),
(475, 680, 43, '2021-02-12 02:56:07'),
(476, 544, 18, '2021-02-12 01:54:07'),
(477, 675, 603, '2021-02-12 04:19:58'),
(478, 690, 18, '2021-02-13 02:34:05'),
(479, 641, 43, '2021-02-13 05:04:24'),
(480, 692, 18, '2021-02-13 10:12:09'),
(481, 681, 43, '2021-02-14 10:15:37'),
(482, 697, 18, '2021-02-17 02:48:36'),
(483, 690, 510, '2021-02-17 07:55:08'),
(484, 691, 43, '2021-02-17 09:42:40'),
(485, 691, 18, '2021-02-17 10:02:17'),
(486, 703, 43, '2021-02-18 12:08:29'),
(487, 510, 510, '2021-02-18 02:39:20'),
(488, 705, 43, '2021-02-18 03:51:48'),
(489, 695, 43, '2021-02-18 10:34:44'),
(490, 662, 18, '2021-02-19 01:37:20'),
(491, 275, 18, '2021-02-20 10:54:11'),
(492, 700, 18, '2021-02-21 02:02:04'),
(493, 708, 43, '2021-02-21 02:58:39'),
(494, 712, 18, '2021-02-21 05:30:45'),
(495, 713, 43, '2021-02-22 02:31:13'),
(496, 713, 18, '2021-02-22 07:11:21'),
(497, 713, 150, '2021-02-23 03:20:37'),
(498, 522, 45, '2021-02-23 05:54:55'),
(499, 197, 45, '2021-02-23 09:34:54'),
(500, 710, 150, '2021-02-24 02:35:25'),
(501, 707, 43, '2021-02-24 06:39:58'),
(502, 719, 18, '2021-02-24 11:34:18'),
(503, 719, 43, '2021-02-25 12:02:56'),
(504, 501, 43, '2021-02-25 12:29:09'),
(505, 710, 43, '2021-02-25 12:57:27'),
(506, 714, 45, '2021-02-26 02:07:49'),
(507, 718, 718, '2021-02-27 09:03:05'),
(508, 445, 150, '2021-02-28 12:23:03'),
(509, 445, 43, '2021-02-28 12:24:10'),
(510, 713, 45, '2021-02-28 05:41:28'),
(511, 720, 43, '2021-02-28 06:29:17'),
(512, 720, 18, '2021-02-28 06:32:18'),
(513, 721, 43, '2021-02-28 07:00:33'),
(514, 723, 18, '2021-02-28 08:46:06'),
(515, 721, 18, '2021-02-28 11:23:56'),
(516, 726, 43, '2021-03-01 07:36:54'),
(517, 726, 18, '2021-03-01 07:37:51'),
(518, 727, 18, '2021-03-01 02:54:21'),
(519, 730, 43, '2021-03-02 02:47:00'),
(520, 732, 18, '2021-03-02 03:40:30'),
(521, 747, 45, '2021-03-03 05:52:16'),
(522, 735, 45, '2021-03-03 06:10:46'),
(523, 747, 718, '2021-03-03 06:14:22'),
(524, 481, 45, '2021-03-03 10:22:45'),
(525, 748, 43, '2021-03-03 10:29:56'),
(526, 748, 18, '2021-03-03 11:29:44'),
(527, 749, 43, '2021-03-03 02:39:24'),
(528, 749, 510, '2021-03-03 02:50:08'),
(529, 481, 18, '2021-03-04 10:13:29'),
(530, 741, 18, '2021-03-04 04:29:17'),
(531, 741, 43, '2021-03-04 04:30:43'),
(532, 755, 45, '2021-03-04 07:00:47'),
(533, 749, 18, '2021-03-05 08:37:14'),
(534, 763, 45, '2021-03-05 09:44:36'),
(535, 754, 43, '2021-03-06 07:29:51'),
(536, 757, 18, '2021-03-07 01:19:02'),
(537, 542, 603, '2021-03-07 04:08:50'),
(538, 760, 45, '2021-03-08 04:09:43'),
(539, 764, 45, '2021-03-10 03:15:21'),
(540, 766, 18, '2021-03-10 07:04:59'),
(541, 779, 43, '2021-03-11 01:00:49'),
(542, 278, 18, '2021-03-11 06:43:52'),
(543, 771, 43, '2021-03-11 07:15:59'),
(544, 772, 45, '2021-03-11 07:33:26'),
(545, 772, 18, '2021-03-11 07:33:38'),
(546, 773, 18, '2021-03-11 08:52:10'),
(547, 779, 757, '2021-03-11 11:08:00'),
(548, 774, 43, '2021-03-11 11:52:44'),
(549, 760, 43, '2021-03-12 12:46:06'),
(550, 747, 150, '2021-03-12 05:32:40'),
(551, 786, 43, '2021-03-12 08:44:44'),
(552, 778, 18, '2021-03-13 09:37:06'),
(553, 789, 18, '2021-03-13 12:41:24'),
(554, 779, 19, '2021-03-13 06:00:55'),
(555, 785, 43, '2021-03-15 10:52:22'),
(556, 786, 18, '2021-03-15 11:16:13'),
(557, 771, 18, '2021-03-15 04:25:57'),
(558, 741, 45, '2021-03-15 09:10:26'),
(559, 481, 757, '2021-03-16 12:06:05'),
(560, 778, 778, '2021-03-16 10:06:15'),
(561, 791, 150, '2021-03-16 01:10:03'),
(562, 805, 18, '2021-03-17 01:39:10'),
(563, 805, 43, '2021-03-17 01:40:19'),
(564, 806, 401, '2021-03-17 12:16:52'),
(565, 806, 757, '2021-03-17 12:46:27'),
(566, 807, 43, '2021-03-17 04:21:36'),
(567, 807, 18, '2021-03-17 04:24:19'),
(568, 797, 18, '2021-03-17 04:30:47'),
(569, 807, 807, '2021-03-17 04:46:21'),
(570, 792, 45, '2021-03-18 04:39:05'),
(571, 812, 18, '2021-03-18 05:58:32'),
(572, 802, 43, '2021-03-18 06:17:57'),
(573, 804, 807, '2021-03-19 01:17:03'),
(574, 817, 43, '2021-03-19 04:08:53'),
(575, 821, 45, '2021-03-20 12:10:35'),
(576, 821, 18, '2021-03-20 12:40:22'),
(577, 810, 18, '2021-03-20 01:05:38'),
(578, 760, 18, '2021-03-20 08:21:03'),
(579, 814, 651, '2021-03-20 09:09:03'),
(580, 814, 814, '2021-03-20 09:25:12'),
(581, 814, 607, '2021-03-20 09:30:33'),
(582, 815, 43, '2021-03-20 10:38:26'),
(583, 816, 18, '2021-03-21 04:59:20'),
(584, 816, 757, '2021-03-21 04:59:34'),
(585, 830, 45, '2021-03-22 02:26:47'),
(586, 819, 401, '2021-03-22 03:35:45'),
(587, 819, 18, '2021-03-22 03:53:32'),
(588, 832, 718, '2021-03-22 06:38:51'),
(589, 819, 43, '2021-03-22 09:15:42'),
(590, 807, 45, '2021-03-22 01:34:43'),
(591, 807, 603, '2021-03-22 02:01:15'),
(592, 834, 607, '2021-03-22 03:49:21');

-- --------------------------------------------------------

--
-- Table structure for table `city`
--

CREATE TABLE `city` (
  `id` int(11) NOT NULL,
  `city_name` varchar(255) COLLATE utf8_unicode_ci NOT NULL,
  `created_at` int(20) NOT NULL DEFAULT '0' COMMENT '0',
  `updated_at` int(20) NOT NULL DEFAULT '0' COMMENT '0',
  `status` int(11) NOT NULL COMMENT '1',
  `deleted` int(11) NOT NULL COMMENT '0'
) ENGINE=MyISAM DEFAULT CHARSET=utf8 COLLATE=utf8_unicode_ci;

--
-- Dumping data for table `city`
--

INSERT INTO `city` (`id`, `city_name`, `created_at`, `updated_at`, `status`, `deleted`) VALUES
(1, 'Bhopal', 1593542438, 1606616164, 0, 0),
(2, 'Indore', 1594722877, 1594722877, 0, 0),
(3, 'bhopal', 1594932712, 1594932712, 0, 0),
(4, 'Mumbai', 1595483113, 1595483113, 0, 0),
(5, '97ui', 1596011265, 1596011265, 0, 0),
(6, 'mike6', 1598435919, 1609781730, 0, 0),
(7, 'Hargeisa ', 1598551791, 1598551791, 1, 0),
(8, 'Burco', 1599468191, 1599468191, 1, 0),
(9, 'borama', 1599468204, 1599468204, 1, 0),
(10, 'barbara', 1599468213, 1599468213, 1, 0),
(11, 'wajaale', 1599468234, 1599468234, 1, 0),
(12, 'JIIQLE', 1599668960, 1599669004, 1, 0),
(13, 'Cascavel', 1601174664, 1601174664, 1, 0),
(14, 'Cape Town', 1603447410, 1603447410, 1, 0),
(15, 'Bandel', 1607025532, 1607025532, 1, 0),
(16, 'Kolkata', 1607025542, 1607025542, 1, 0),
(17, 'Santorini ', 1607896938, 1607896938, 1, 0),
(18, 'mombasa', 1609930864, 1609930864, 1, 0),
(19, 'EGYPT', 1610743350, 1610743350, 1, 0),
(20, 'Mau', 1611384937, 1611384965, 1, 0),
(21, 'River3', 1611605599, 1611605599, 0, 0),
(22, 'Accra', 1611777212, 1611777212, 0, 0),
(23, 'Douala', 1612654250, 1612654250, 1, 0),
(24, 'Cairo', 1615055788, 1615055788, 1, 0),
(25, 'New York', 1615481738, 1615481738, 1, 0),
(26, 'Nairobi', 1616253268, 1616253268, 1, 0);

-- --------------------------------------------------------

--
-- Table structure for table `featured_product`
--

CREATE TABLE `featured_product` (
  `id` int(11) NOT NULL,
  `product_id` int(11) NOT NULL,
  `subscription_id` int(11) NOT NULL,
  `status` int(11) NOT NULL DEFAULT '1' COMMENT '1,active 0,inactive',
  `created_at` timestamp NOT NULL DEFAULT CURRENT_TIMESTAMP ON UPDATE CURRENT_TIMESTAMP
) ENGINE=InnoDB DEFAULT CHARSET=utf8 COLLATE=utf8_unicode_ci;

-- --------------------------------------------------------

--
-- Table structure for table `history`
--

CREATE TABLE `history` (
  `id` int(11) NOT NULL,
  `user_id` int(11) NOT NULL,
  `product_id` int(11) NOT NULL,
  `start_time` datetime NOT NULL DEFAULT CURRENT_TIMESTAMP,
  `end_time` datetime NOT NULL DEFAULT CURRENT_TIMESTAMP,
  `start_date` datetime NOT NULL DEFAULT CURRENT_TIMESTAMP,
  `end_date` datetime NOT NULL DEFAULT CURRENT_TIMESTAMP,
  `status` int(11) NOT NULL DEFAULT '1' COMMENT '1,active 2,deactive',
  `created_at` timestamp NOT NULL DEFAULT CURRENT_TIMESTAMP,
  `end_timestamp` varchar(255) COLLATE utf8_unicode_ci NOT NULL DEFAULT 'CURRENT_TIMESTAMP'
) ENGINE=InnoDB DEFAULT CHARSET=utf8 COLLATE=utf8_unicode_ci;

-- --------------------------------------------------------

--
-- Table structure for table `like_product`
--

CREATE TABLE `like_product` (
  `id` int(11) NOT NULL,
  `user_id` int(11) NOT NULL,
  `product_id` int(11) NOT NULL,
  `status` int(11) NOT NULL DEFAULT '1'
) ENGINE=InnoDB DEFAULT CHARSET=latin1;

-- --------------------------------------------------------

--
-- Table structure for table `notifications`
--

CREATE TABLE `notifications` (
  `id` bigint(20) NOT NULL,
  `user_id` bigint(20) NOT NULL DEFAULT '0',
  `title` varchar(250) NOT NULL,
  `type` varchar(250) NOT NULL DEFAULT 'Individual',
  `msg` text CHARACTER SET utf8 NOT NULL,
  `created_at` datetime NOT NULL DEFAULT CURRENT_TIMESTAMP
) ENGINE=InnoDB DEFAULT CHARSET=latin1;

--
-- Dumping data for table `notifications`
--

INSERT INTO `notifications` (`id`, `user_id`, `title`, `type`, `msg`, `created_at`) VALUES
(1, 3, 'send msg', '10010', 'hello what\'s going on ?', '2020-07-03 01:09:42'),
(2, 3, 'send msg', '10010', 'hello what\'s going on ?', '2020-07-03 07:19:23'),
(3, 3, 'send msg', '10010', 'hello what\'s going on ?', '2020-07-03 07:20:09'),
(4, 2, 'send msg', '10010', 'helloo', '2020-07-03 10:17:17'),
(5, 3, 'add user Subscription', '10010', 'Congratulations. You have been subscribed succesfully. Add more products and increase your earnings', '2020-07-03 10:18:58'),
(6, 2, 'send msg', '10010', 'Type : chat \nMessage : hello', '2020-07-04 02:43:08'),
(7, 2, 'send msg', '10010', 'Type : chat \nMessage : h', '2020-07-04 02:44:00'),
(8, 2, 'send msg', '10010', 'Type : chat \nMessage : hh', '2020-07-04 02:51:22'),
(9, 2, 'send msg', '10010', 'Type : chat \nMessage : haha', '2020-07-04 03:09:16'),
(10, 2, 'send msg', '10010', 'Type : chat \nMessage : jk', '2020-07-04 03:17:15'),
(11, 3, 'send msg', '10010', 'Type : chat \nMessage : hello', '2020-07-04 05:19:57'),
(12, 3, 'send msg', '10010', 'Type : chat \nMessage : hhhh', '2020-07-04 05:20:36'),
(13, 3, 'send msg', '10010', 'Type : chat \nMessage : ffff', '2020-07-04 05:20:49'),
(14, 3, 'send msg', '10010', 'Type : chat \nMessage : hello', '2020-07-04 05:36:35'),
(15, 3, 'send msg', '10010', 'Type : chat \nMessage : hello what\'s going on ?', '2020-07-05 12:11:46'),
(16, 3, 'send msg', '10010', 'Type : chat \nMessage : hello what\'s going on ?', '2020-07-05 12:12:08'),
(17, 10, 'send msg', '10010', '{\"Body\":\"hii\",\"Type\":\"Chat\"}', '2020-07-05 12:33:50'),
(18, 3, 'send msg', '10010', '{\"Body\":\"hello what\'s going on ?\",\"Type\":\"Chat\"}', '2020-07-05 12:37:14'),
(19, 3, 'send msg', '10010', '{\"Body\":\"hello what\'s going on ?\",\"Type\":\"Chat\"}', '2020-07-05 12:37:31'),
(20, 2, 'booking Confirmed', '10010', '{\"Body\":\"Your booking  has been Rejected\",\"Type\":\"Nofification\"}', '2020-07-05 12:42:11'),
(21, 3, 'send msg', '10010', '{\"Body\":\"hello what\'s going on ?\",\"Type\":\"Chat\"}', '2020-07-05 01:14:55'),
(22, 3, 'send msg', '10010', '{\"Body\":\"hello what\'s going on ?\",\"Type\":\"Chat\"}', '2020-07-05 01:16:50'),
(23, 3, 'send msg', '10010', '{\"Body\":\"hello what\'s going on ?\",\"Type\":\"Chat\"}', '2020-07-05 01:17:56'),
(24, 3, 'send msg', '10010', '{\"Body\":\"hello what\'s going on ?\",\"Type\":\"Chat\"}', '2020-07-05 01:18:56'),
(25, 3, 'send msg', '10010', '{\"Body\":\"hello what\'s going on ?\",\"Type\":\"Chat\"}', '2020-07-05 01:19:06'),
(26, 3, 'send msg', '10010', '{\"Body\":\"hello what\'s going on ?\",\"Type\":\"Chat\"}', '2020-07-05 01:31:31'),
(27, 13, 'product booked', '10010', '{\"Body\":\"Your Product has been booked succesfully\",\"Type\":\"Nofification\"}', '2020-07-05 02:13:17'),
(28, 13, 'Test', '10010', 'Hi', '0000-00-00 00:00:00'),
(29, 13, 'Test2', '10010', 'Hiiii', '0000-00-00 00:00:00'),
(30, 13, 'oko', '10010', 'kjkjkk', '0000-00-00 00:00:00'),
(31, 3, 'product booked', 'Nofification', 'Your Product has been booked succesfully', '2020-07-06 02:03:15'),
(32, 3, 'product booked', 'Nofification', 'Your Product has been booked succesfully', '2020-07-06 02:03:36'),
(33, 3, 'product booked', 'Nofification', 'Your Product has been booked succesfully', '2020-07-06 02:06:42'),
(34, 3, 'booking Rejected', 'Nofification', 'Your booking  has been Rejected', '2020-07-06 02:23:48'),
(35, 3, 'booking Confirmed', 'Nofification', 'Your booking  has been Rejected', '2020-07-06 02:25:44'),
(36, 10, 'add user Subscription', 'Nofification', 'Congratulations. You have been subscribed succesfully. Add more products and increase your earnings', '2020-07-06 02:00:39'),
(37, 3, 'product booked', 'Nofification', 'Your Product has been booked succesfully', '2020-07-07 01:33:36'),
(38, 3, 'product status change', 'Nofification', 'Your Product Unpublished now.', '2020-07-07 07:50:56'),
(39, 3, 'product status change', 'Nofification', 'Your Product is Published now', '2020-07-07 07:51:06'),
(40, 3, 'product status change', 'Nofification', 'Your Product Unpublished now.', '2020-07-07 10:36:18'),
(41, 3, 'product status change', 'Nofification', 'Your Product is Published now', '2020-07-07 10:36:25'),
(42, 3, 'product status change', 'Nofification', 'Your Product Unpublished now.', '2020-07-07 10:38:26'),
(43, 3, 'product status change', 'Nofification', 'Your Product is Published now', '2020-07-07 10:38:35'),
(44, 3, 'product status change', 'Nofification', 'Your Product Unpublished now.', '2020-07-07 10:38:41'),
(45, 10, 'test', '10010', 'my test', '0000-00-00 00:00:00'),
(46, 3, 'product status change', 'Nofification', 'Your Product is Published now', '2020-07-09 12:45:43'),
(47, 3, 'product status change', 'Nofification', 'Your Product Unpublished now.', '2020-07-09 12:45:50'),
(48, 3, 'product status change', 'Nofification', 'Your Product is Published now', '2020-07-09 12:45:56'),
(49, 18, 'product status change', 'Nofification', 'Your Product is Published now', '2020-07-14 05:38:47'),
(50, 28, 'product booked', 'Nofification', 'Your Product has been booked succesfully', '2020-07-16 12:50:44'),
(51, 36, 'product booked', 'Nofification', 'Your Product has been booked succesfully', '2020-07-16 06:07:01'),
(52, 36, 'product booked', 'Nofification', 'Your Product has been booked succesfully', '2020-07-16 06:20:39'),
(53, 39, 'product booked', 'Nofification', 'Your Product has been booked succesfully', '2020-07-16 10:59:19'),
(54, 73, 'product booked', 'Nofification', 'Your Product has been booked succesfully', '2020-07-17 04:45:31'),
(55, 73, 'booking Confirmed', 'Nofification', 'Your booking  has been Rejected', '2020-07-17 04:46:54'),
(56, 73, 'booking Confirmed', 'Nofification', 'Your booking  has been Rejected', '2020-07-17 04:47:04'),
(57, 40, 'product booked', 'Nofification', 'Your Product has been booked succesfully', '2020-07-18 01:51:03'),
(58, 43, 'product booked', 'Nofification', 'Your Product has been booked succesfully', '2020-07-18 03:19:13'),
(59, 43, 'product status change', 'Nofification', 'Your Product is Published now', '2020-07-18 05:38:25'),
(60, 43, 'product status change', 'Nofification', 'Your Product Unpublished now.', '2020-07-18 05:38:31'),
(61, 43, 'product status change', 'Nofification', 'Your Product is Published now', '2020-07-18 05:38:36'),
(62, 95, 'mn', '10010', 'mnm', '0000-00-00 00:00:00'),
(63, 98, 'product booked', 'Nofification', 'Your Product has been booked succesfully', '2020-07-19 01:34:31'),
(64, 105, 'product booked', 'Nofification', 'Your Product has been booked succesfully', '2020-07-19 08:44:08'),
(65, 43, 'product booked', 'Nofification', 'Your Product has been booked succesfully', '2020-07-20 06:40:33'),
(66, 18, 'New Update', '10010', 'Hi!\r\nPlease check new Update on Code Canyon.', '0000-00-00 00:00:00'),
(67, 18, 'New Update', '10010', 'Hi!\r\nPlease check new Update on Code Canyon.', '0000-00-00 00:00:00'),
(68, 124, 'product booked', 'Nofification', 'Your Product has been booked succesfully', '2020-07-22 02:57:08'),
(69, 127, 'product booked', 'Nofification', 'Your Product has been booked succesfully', '2020-07-23 01:06:41'),
(70, 149, 'product booked', 'Nofification', 'Your Product has been booked succesfully', '2020-07-26 07:50:58'),
(71, 19, 'test', '10010', 'test notification', '0000-00-00 00:00:00'),
(72, 155, 'product booked', 'Nofification', 'Your Product has been booked succesfully', '2020-07-28 04:14:51'),
(73, 150, 'Hi', '10010', 'dfdf', '0000-00-00 00:00:00'),
(74, 150, 'test', '10010', 'dsfdsf', '0000-00-00 00:00:00'),
(75, 150, 'test', '10010', 'dsfdsf', '0000-00-00 00:00:00'),
(76, 150, 'test', '10010', 'dfdf', '0000-00-00 00:00:00'),
(77, 150, 'test', '10010', 'dfdf', '0000-00-00 00:00:00'),
(78, 115, 'product booked', 'Nofification', 'Your Product has been booked succesfully', '2020-07-30 04:14:13'),
(79, 139, 'product booked', 'Nofification', 'Your Product has been booked succesfully', '2020-07-31 04:46:11'),
(80, 163, 'product booked', 'Nofification', 'Your Product has been booked succesfully', '2020-08-01 01:38:28'),
(81, 168, 'product booked', 'Nofification', 'Your Product has been booked succesfully', '2020-08-02 05:12:06'),
(82, 168, '????????? ???', '10010', 'ffg', '0000-00-00 00:00:00'),
(83, 167, '????????? ???', '10010', 'ffg', '0000-00-00 00:00:00'),
(84, 185, 'product booked', 'Nofification', 'Your Product has been booked succesfully', '2020-08-07 02:16:51'),
(85, 186, 'product booked', 'Nofification', 'Your Product has been booked succesfully', '2020-08-07 05:29:22'),
(86, 191, 'product booked', 'Nofification', 'Your Product has been booked succesfully', '2020-08-08 05:07:37'),
(87, 204, 'product booked', 'Nofification', 'Your Product has been booked succesfully', '2020-08-11 08:42:51'),
(88, 206, 'product booked', 'Nofification', 'Your Product has been booked succesfully', '2020-08-12 12:41:19'),
(89, 207, 'product booked', 'Nofification', 'Your Product has been booked succesfully', '2020-08-12 12:52:33'),
(90, 150, 'product booked', 'Nofification', 'Your Product has been booked succesfully', '2020-09-01 01:41:40'),
(91, 150, 'product status change', 'Nofification', 'Your Product is Published now', '2020-08-31 01:32:20'),
(92, 264, 'product booked', 'Nofification', 'Your Product has been booked succesfully', '2020-09-01 03:46:20'),
(93, 264, 'booking Confirmed', 'Nofification', 'Your booking  has been Rejected', '2020-09-01 03:47:47'),
(94, 264, 'booking Confirmed', 'Nofification', 'Your booking  has been Rejected', '2020-09-01 03:47:59'),
(95, 262, 'product booked', 'Nofification', 'Your Product has been booked succesfully', '2020-09-01 06:40:09'),
(96, 262, 'product status change', 'Nofification', 'Your Product is Published now', '2020-09-01 05:47:26'),
(97, 262, 'product booked', 'Nofification', 'Your Product has been booked succesfully', '2020-09-01 06:50:49'),
(98, 262, 'booking Confirmed', 'Nofification', 'Your booking  has been Rejected', '2020-09-01 06:53:13'),
(99, 262, 'booking Confirmed', 'Nofification', 'Your booking  has been Rejected', '2020-09-01 06:53:30'),
(100, 262, 'booking Rejected', 'Nofification', 'Your booking  has been Rejected', '2020-09-01 06:53:41'),
(101, 262, 'booking Confirmed', 'Nofification', 'Your booking  has been Rejected', '2020-09-01 06:53:45'),
(102, 262, 'booking Confirmed', 'Nofification', 'Your booking  has been Rejected', '2020-09-01 06:53:54'),
(103, 262, 'product booked', 'Nofification', 'Your Product has been booked succesfully', '2020-09-01 11:58:04'),
(104, 259, 'product booked', 'Nofification', 'Your Product has been booked succesfully', '2020-09-02 09:58:44'),
(105, 280, 'product booked', 'Nofification', 'Your Product has been booked succesfully', '2020-09-06 02:36:49'),
(106, 280, 'product booked', 'Nofification', 'Your Product has been booked succesfully', '2020-09-06 02:38:06'),
(107, 280, 'product status change', 'Nofification', 'Your Product is Published now', '2020-09-06 01:51:00'),
(108, 280, 'product status change', 'Nofification', 'Your Product Unpublished now.', '2020-09-06 03:10:35'),
(109, 280, 'product status change', 'Nofification', 'Your Product is Published now', '2020-09-06 03:10:40'),
(110, 281, 'product booked', 'Nofification', 'Your Product has been booked succesfully', '2020-09-06 03:24:11'),
(111, 281, 'product status change', 'Nofification', 'Your Product is Published now', '2020-09-06 02:31:15'),
(112, 280, 'product booked', 'Nofification', 'Your Product has been booked succesfully', '2020-09-06 03:36:23'),
(113, 280, 'product status change', 'Nofification', 'Your Product is Published now', '2020-09-06 02:47:33'),
(114, 281, 'product booked', 'Nofification', 'Your Product has been booked succesfully', '2020-09-06 03:58:26'),
(115, 283, 'product booked', 'Nofification', 'Your Product has been booked succesfully', '2020-09-07 08:26:12'),
(116, 283, 'product booked', 'Nofification', 'Your Product has been booked succesfully', '2020-09-07 08:28:10'),
(117, 283, 'product booked', 'Nofification', 'Your Product has been booked succesfully', '2020-09-07 08:33:53'),
(118, 259, 'booking Confirmed', 'Nofification', 'Your booking  has been Rejected', '2020-09-07 08:14:48'),
(119, 259, 'booking Confirmed', 'Nofification', 'Your booking  has been Rejected', '2020-09-07 08:14:59'),
(120, 259, 'booking Rejected', 'Nofification', 'Your booking  has been Rejected', '2020-09-07 08:15:17'),
(121, 254, 'product booked', 'Nofification', 'Your Product has been booked succesfully', '2020-09-07 08:23:38'),
(122, 18, 'ka faids', '10010', 'ka faids', '0000-00-00 00:00:00'),
(123, 19, 'ka faids', '10010', 'ka faids', '0000-00-00 00:00:00'),
(124, 40, 'ka faids', '10010', 'ka faids', '0000-00-00 00:00:00'),
(125, 43, 'ka faids', '10010', 'ka faids', '0000-00-00 00:00:00'),
(126, 150, 'ka faids', '10010', 'ka faids', '0000-00-00 00:00:00'),
(127, 167, 'ka faids', '10010', 'ka faids', '0000-00-00 00:00:00'),
(128, 250, 'days is days', '10010', 'days is days', '0000-00-00 00:00:00'),
(129, 254, 'days is days', '10010', 'days is days', '0000-00-00 00:00:00'),
(130, 259, 'days is days', '10010', 'days is days', '0000-00-00 00:00:00'),
(131, 260, 'days is days', '10010', 'days is days', '0000-00-00 00:00:00'),
(132, 261, 'days is days', '10010', 'days is days', '0000-00-00 00:00:00'),
(133, 262, 'days is days', '10010', 'days is days', '0000-00-00 00:00:00'),
(134, 281, 'days is days', '10010', 'days is days', '0000-00-00 00:00:00'),
(135, 18, 'days is days', '10010', 'days is days', '0000-00-00 00:00:00'),
(136, 19, 'days is days', '10010', 'days is days', '0000-00-00 00:00:00'),
(137, 40, 'days is days', '10010', 'days is days', '0000-00-00 00:00:00'),
(138, 43, 'days is days', '10010', 'days is days', '0000-00-00 00:00:00'),
(139, 150, 'days is days', '10010', 'days is days', '0000-00-00 00:00:00'),
(140, 167, 'days is days', '10010', 'days is days', '0000-00-00 00:00:00'),
(141, 254, 'product booked', 'Nofification', 'Your Product has been booked succesfully', '2020-09-09 11:25:15'),
(142, 254, 'booking Confirmed', 'Nofification', 'Your booking  has been Rejected', '2020-09-09 11:26:29'),
(143, 254, 'booking Confirmed', 'Nofification', 'Your booking  has been Rejected', '2020-09-09 11:27:34'),
(144, 254, 'booking Confirmed', 'Nofification', 'Your booking  has been Rejected', '2020-09-09 11:27:43'),
(145, 254, 'booking Rejected', 'Nofification', 'Your booking  has been Rejected', '2020-09-09 11:27:50'),
(146, 254, 'booking Rejected', 'Nofification', 'Your booking  has been Rejected', '2020-09-09 11:28:00'),
(147, 254, 'booking Rejected', 'Nofification', 'Your booking  has been Rejected', '2020-09-09 11:42:44'),
(148, 292, 'product booked', 'Nofification', 'Your Product has been booked succesfully', '2020-09-10 04:46:02'),
(149, 292, 'product booked', 'Nofification', 'Your Product has been booked succesfully', '2020-09-10 04:59:11'),
(150, 295, 'add user Subscription', 'Nofification', 'Congratulations. You have been subscribed succesfully. Add more products and increase your earnings', '2020-09-11 12:25:53'),
(151, 295, 'product booked', 'Nofification', 'Your Product has been booked succesfully', '2020-09-13 02:57:20'),
(152, 299, 'test', '10010', 'check krote', '0000-00-00 00:00:00'),
(153, 259, 'product booked', 'Nofification', 'Your Product has been booked succesfully', '2020-09-16 05:01:14'),
(154, 19, 'product status change', 'Nofification', 'Your Product is Published now', '2020-09-20 02:25:40'),
(155, 40, 'product status change', 'Nofification', 'Your Product is Published now', '2020-09-20 02:25:59'),
(156, 314, 'Hi', '10010', 'Hi', '0000-00-00 00:00:00'),
(157, 315, 'Hi', '10010', 'Hi', '0000-00-00 00:00:00'),
(158, 19, 'product status change', 'Nofification', 'Your Product is Unpublished now', '2020-09-26 07:55:32'),
(159, 316, 'contoh', '10010', 'oky', '0000-00-00 00:00:00'),
(160, 134, 'Vps Servers', '10010', 'FNB', '0000-00-00 00:00:00'),
(161, 19, 'product status change', 'Nofification', 'Your Product is Published now', '2020-10-12 04:11:18'),
(162, 280, 'Thank you!', '10010', 'Thank you for using this App', '0000-00-00 00:00:00'),
(163, 369, 'testing', '10010', 'Yah ndoda uthi kunjani??', '0000-00-00 00:00:00'),
(164, 259, 'product status change', 'Nofification', 'Your Product is Published now', '2020-11-02 05:23:47'),
(165, 373, 'product status change', 'Nofification', 'Your Product is Published now', '2020-11-07 04:30:33'),
(166, 373, 'Bhhn', '10010', 'Yo yo..your item is gone!!', '0000-00-00 00:00:00'),
(167, 382, 'product status change', 'Nofification', 'Your Product is Published now', '2020-11-07 05:05:51'),
(168, 18, 'product status change', 'Nofification', 'Your Product is Published now', '2020-11-16 07:30:43'),
(169, 18, 'product status change', 'Nofification', 'Your Product is Unpublished now', '2020-11-16 07:30:52'),
(170, 18, 'product status change', 'Nofification', 'Your Product is Published now', '2020-11-25 11:21:01'),
(171, 150, 'product status change', 'Nofification', 'Your Product is Unpublished now', '2020-11-25 11:21:10'),
(172, 430, 'product status change', 'Nofification', 'Your Product is Published now', '2020-12-03 01:02:50'),
(173, 259, 'product status change', 'Nofification', 'Your Product is Published now', '2020-12-03 01:14:54'),
(174, 401, 'product status change', 'Nofification', 'Your Product is Published now', '2020-12-15 05:16:17'),
(175, 306, 'product status change', 'Nofification', 'Your Product is Published now', '2020-12-15 08:30:25'),
(176, 306, 'product status change', 'Nofification', 'Your Product is Published now', '2020-12-15 08:30:44'),
(177, 306, 'test notification title', '10010', 'test message', '0000-00-00 00:00:00'),
(178, 306, 'test notification title 2', '10010', 'test message 2', '0000-00-00 00:00:00'),
(179, 452, 'product status change', 'Nofification', 'Your Product is Published now', '2020-12-16 04:53:29'),
(180, 306, 'add user Subscription', 'Nofification', 'Congratulations. You have been subscribed succesfully. Add more products and increase your earnings', '2020-12-31 05:55:25'),
(181, 445, 'product booked', 'Nofification', 'Your Product has been booked succesfully', '2021-01-02 06:45:22'),
(182, 445, 'product status change', 'Nofification', 'Your Product is Published now', '2021-01-02 04:50:14'),
(183, 445, 'product status change', 'Nofification', 'Your Product is Published now', '2021-01-02 04:50:19'),
(184, 483, 'product booked', 'Nofification', 'Your Product has been booked succesfully', '2021-01-02 08:07:17'),
(185, 484, 'product status change', 'Nofification', 'Your Product is Published now', '2021-01-02 07:01:47'),
(186, 306, 'product status change', 'Nofification', 'Your Product Unpublished now.', '2021-01-05 01:49:57'),
(187, 306, 'product status change', 'Nofification', 'Your Product is Published now', '2021-01-05 01:50:12'),
(188, 306, 'product booked', 'Nofification', 'Your Product has been booked succesfully', '2021-01-05 07:20:18'),
(189, 306, 'booking Confirmed', 'Nofification', 'Your booking  has been Rejected', '2021-01-05 07:21:39'),
(190, 306, 'booking Confirmed', 'Nofification', 'Your booking  has been Rejected', '2021-01-05 07:22:55'),
(191, 493, 'product booked', 'Nofification', 'Your Product has been booked succesfully', '2021-01-06 06:08:53'),
(192, 493, 'new city', '10010', 'check out items within mombasa', '0000-00-00 00:00:00'),
(193, 494, 'new city', '10010', 'check out items within mombasa', '0000-00-00 00:00:00'),
(194, 493, 'product status change', 'Nofification', 'Your Product is Published now', '2021-01-06 05:09:33'),
(195, 494, 'product booked', 'Nofification', 'Your Product has been booked succesfully', '2021-01-06 07:15:17'),
(196, 494, 'booking Confirmed', 'Nofification', 'Your booking  has been Rejected', '2021-01-06 07:16:13'),
(197, 494, 'booking Confirmed', 'Nofification', 'Your booking  has been Rejected', '2021-01-06 07:16:24'),
(198, 494, 'booking Confirmed', 'Nofification', 'Your booking  has been Rejected', '2021-01-06 07:17:04'),
(199, 495, 'hello', '10010', 'test', '0000-00-00 00:00:00'),
(200, 494, 'product booked', 'Nofification', 'Your Product has been booked succesfully', '2021-01-06 07:38:42'),
(201, 494, 'booking Confirmed', 'Nofification', 'Your booking  has been Rejected', '2021-01-06 07:39:51'),
(202, 415, 'booking Confirmed', 'Nofification', 'Your booking  has been Rejected', '2021-01-06 08:03:21'),
(203, 493, 'product booked', 'Nofification', 'Your Product has been booked succesfully', '2021-01-06 10:56:34'),
(204, 24, 'product booked', 'Nofification', 'Your Product has been booked succesfully', '2021-01-08 02:52:13'),
(205, 24, 'product booked', 'Nofification', 'Your Product has been booked succesfully', '2021-01-08 03:44:46'),
(206, 373, 'product booked', 'Nofification', 'Your Product has been booked succesfully', '2021-01-10 01:29:36'),
(207, 500, 'product booked', 'Nofification', 'Your Product has been booked succesfully', '2021-01-13 09:31:11'),
(208, 505, 'product booked', 'Nofification', 'Your Product has been booked succesfully', '2021-01-15 03:47:19'),
(209, 433, 'product booked', 'Nofification', 'Your Product has been booked succesfully', '2021-01-17 02:17:08'),
(210, 509, 'product booked', 'Nofification', 'Your Product has been booked succesfully', '2021-01-19 01:23:17'),
(211, 510, 'product booked', 'Nofification', 'Your Product has been booked succesfully', '2021-01-20 06:33:54'),
(212, 511, 'product booked', 'Nofification', 'Your Product has been booked succesfully', '2021-01-21 01:48:39'),
(213, 516, 'add user Subscription', 'Nofification', 'Congratulations. You have been subscribed succesfully. Add more products and increase your earnings', '2021-01-21 11:19:58'),
(214, 516, 'product booked', 'Nofification', 'Your Product has been booked succesfully', '2021-01-21 11:43:52'),
(215, 519, 'product booked', 'Nofification', 'Your Product has been booked succesfully', '2021-01-21 11:45:44'),
(216, 516, 'product booked', 'Nofification', 'Your Product has been booked succesfully', '2021-01-22 12:30:27'),
(217, 526, 'product booked', 'Nofification', 'Your Product has been booked succesfully', '2021-01-22 01:35:40'),
(218, 535, 'product booked', 'Nofification', 'Your Product has been booked succesfully', '2021-01-22 10:17:08'),
(219, 536, 'product booked', 'Nofification', 'Your Product has been booked succesfully', '2021-01-22 10:50:40'),
(220, 536, 'product booked', 'Nofification', 'Your Product has been booked succesfully', '2021-01-22 10:52:44'),
(221, 533, 'product booked', 'Nofification', 'Your Product has been booked succesfully', '2021-01-22 01:10:16'),
(222, 445, 'product booked', 'Nofification', 'Your Product has been booked succesfully', '2021-01-22 07:06:24'),
(223, 548, 'product booked', 'Nofification', 'Your Product has been booked succesfully', '2021-01-22 07:57:08'),
(224, 549, 'product booked', 'Nofification', 'Your Product has been booked succesfully', '2021-01-22 08:24:50'),
(225, 549, 'product booked', 'Nofification', 'Your Product has been booked succesfully', '2021-01-23 12:59:32'),
(226, 460, 'product booked', 'Nofification', 'Your Product has been booked succesfully', '2021-01-23 01:39:44'),
(227, 510, 'product booked', 'Nofification', 'Your Product has been booked succesfully', '2021-01-23 02:40:57'),
(228, 510, 'product booked', 'Nofification', 'Your Product has been booked succesfully', '2021-01-23 02:45:49'),
(229, 510, 'product booked', 'Nofification', 'Your Product has been booked succesfully', '2021-01-23 02:48:14'),
(230, 510, 'product booked', 'Nofification', 'Your Product has been booked succesfully', '2021-01-23 03:09:20'),
(231, 510, 'product booked', 'Nofification', 'Your Product has been booked succesfully', '2021-01-23 03:10:13'),
(232, 554, 'product booked', 'Nofification', 'Your Product has been booked succesfully', '2021-01-23 03:13:58'),
(233, 445, 'product booked', 'Nofification', 'Your Product has been booked succesfully', '2021-01-23 03:36:12'),
(234, 558, 'product booked', 'Nofification', 'Your Product has been booked succesfully', '2021-01-23 03:38:53'),
(235, 558, 'product booked', 'Nofification', 'Your Product has been booked succesfully', '2021-01-23 03:42:21'),
(236, 558, 'booking Confirmed', 'Nofification', 'Your booking  has been Rejected', '2021-01-23 03:43:29'),
(237, 558, 'booking Confirmed', 'Nofification', 'Your booking  has been Rejected', '2021-01-23 03:43:33'),
(238, 558, 'booking Confirmed', 'Nofification', 'Your booking  has been Rejected', '2021-01-23 03:43:35'),
(239, 558, 'booking Confirmed', 'Nofification', 'Your booking  has been Rejected', '2021-01-23 03:43:37'),
(240, 558, 'booking Confirmed', 'Nofification', 'Your booking  has been Rejected', '2021-01-23 03:44:17'),
(241, 558, 'booking Confirmed', 'Nofification', 'Your booking  has been Rejected', '2021-01-23 03:44:22'),
(242, 558, 'booking Rejected', 'Nofification', 'Your booking  has been Rejected', '2021-01-23 03:44:25'),
(243, 569, 'product booked', 'Nofification', 'Your Product has been booked succesfully', '2021-01-23 03:19:28'),
(244, 43, 'product status change', 'Nofification', 'Your Product Unpublished now.', '2021-01-23 04:45:52'),
(245, 43, 'product status change', 'Nofification', 'Your Product is Published now', '2021-01-23 04:45:59'),
(246, 43, 'product status change', 'Nofification', 'Your Product is Published now', '2021-01-23 02:57:50'),
(247, 43, 'product status change', 'Nofification', 'Your Product is Published now', '2021-01-23 03:02:35'),
(248, 43, 'product status change', 'Nofification', 'Your Product is Published now', '2021-01-23 03:29:47'),
(249, 551, 'product booked', 'Nofification', 'Your Product has been booked succesfully', '2021-01-23 05:48:05'),
(250, 569, 'product booked', 'Nofification', 'Your Product has been booked succesfully', '2021-01-23 06:46:37'),
(251, 510, 'product booked', 'Nofification', 'Your Product has been booked succesfully', '2021-01-23 07:23:42'),
(252, 576, 'product booked', 'Nofification', 'Your Product has been booked succesfully', '2021-01-23 11:53:52'),
(253, 575, 'product booked', 'Nofification', 'Your Product has been booked succesfully', '2021-01-24 01:09:59'),
(254, 588, 'product booked', 'Nofification', 'Your Product has been booked succesfully', '2021-01-24 03:30:36'),
(255, 592, 'product booked', 'Nofification', 'Your Product has been booked succesfully', '2021-01-25 04:23:12'),
(256, 43, 'product status change', 'Nofification', 'Your Product is Published now', '2021-01-25 07:45:14'),
(257, 599, 'product booked', 'Nofification', 'Your Product has been booked succesfully', '2021-01-25 10:02:21'),
(258, 600, 'product booked', 'Nofification', 'Your Product has been booked succesfully', '2021-01-26 03:30:08'),
(259, 600, 'product status change', 'Nofification', 'Your Product is Published now', '2021-01-25 01:36:38'),
(260, 600, 'product status change', 'Nofification', 'Your Product is Unpublished now', '2021-01-25 01:36:53'),
(261, 581, 'product booked', 'Nofification', 'Your Product has been booked succesfully', '2021-01-26 10:59:42'),
(262, 510, 'product booked', 'Nofification', 'Your Product has been booked succesfully', '2021-01-26 12:28:00'),
(263, 603, 'product booked', 'Nofification', 'Your Product has been booked succesfully', '2021-01-26 01:12:38'),
(264, 603, 'product status change', 'Nofification', 'Your Product is Published now', '2021-01-25 11:20:12'),
(265, 608, 'product booked', 'Nofification', 'Your Product has been booked succesfully', '2021-01-27 12:58:21'),
(266, 609, 'product booked', 'Nofification', 'Your Product has been booked succesfully', '2021-01-27 11:08:41'),
(267, 616, 'product booked', 'Nofification', 'Your Product has been booked succesfully', '2021-01-28 11:09:51'),
(268, 634, 'product booked', 'Nofification', 'Your Product has been booked succesfully', '2021-02-02 09:18:28'),
(269, 43, 'product booked', 'Nofification', 'Your Product has been booked succesfully', '2021-02-02 06:48:01'),
(270, 43, 'product booked', 'Nofification', 'Your Product has been booked succesfully', '2021-02-02 07:10:57'),
(271, 638, 'product booked', 'Nofification', 'Your Product has been booked succesfully', '2021-02-03 05:47:31'),
(272, 625, 'product booked', 'Nofification', 'Your Product has been booked succesfully', '2021-02-03 10:59:24'),
(273, 644, 'product booked', 'Nofification', 'Your Product has been booked succesfully', '2021-02-03 12:19:28'),
(274, 644, 'product booked', 'Nofification', 'Your Product has been booked succesfully', '2021-02-03 04:12:18'),
(275, 631, 'product booked', 'Nofification', 'Your Product has been booked succesfully', '2021-02-03 06:06:22'),
(276, 645, 'product booked', 'Nofification', 'Your Product has been booked succesfully', '2021-02-03 06:34:07'),
(277, 646, 'product booked', 'Nofification', 'Your Product has been booked succesfully', '2021-02-03 06:34:42'),
(278, 469, 'product booked', 'Nofification', 'Your Product has been booked succesfully', '2021-02-04 03:07:00'),
(279, 657, 'product booked', 'Nofification', 'Your Product has been booked succesfully', '2021-02-05 02:51:32'),
(280, 656, 'product booked', 'Nofification', 'Your Product has been booked succesfully', '2021-02-05 04:18:30'),
(281, 660, 'product booked', 'Nofification', 'Your Product has been booked succesfully', '2021-02-05 11:37:13'),
(282, 660, 'product booked', 'Nofification', 'Your Product has been booked succesfully', '2021-02-05 12:46:57'),
(283, 660, 'product booked', 'Nofification', 'Your Product has been booked succesfully', '2021-02-05 04:27:32'),
(284, 306, 'product booked', 'Nofification', 'Your Product has been booked succesfully', '2021-02-06 01:01:47'),
(285, 440, 'product booked', 'Nofification', 'Your Product has been booked succesfully', '2021-02-06 05:33:42'),
(286, 440, 'product booked', 'Nofification', 'Your Product has been booked succesfully', '2021-02-06 05:38:52'),
(287, 660, 'product booked', 'Nofification', 'Your Product has been booked succesfully', '2021-02-06 02:31:16'),
(288, 625, 'product booked', 'Nofification', 'Your Product has been booked succesfully', '2021-02-06 11:16:16'),
(289, 669, 'product booked', 'Nofification', 'Your Product has been booked succesfully', '2021-02-07 05:44:19'),
(290, 674, 'product booked', 'Nofification', 'Your Product has been booked succesfully', '2021-02-07 10:40:53'),
(291, 664, 'product booked', 'Nofification', 'Your Product has been booked succesfully', '2021-02-08 03:30:03'),
(292, 680, 'product booked', 'Nofification', 'Your Product has been booked succesfully', '2021-02-12 02:56:01'),
(293, 597, 'product booked', 'Nofification', 'Your Product has been booked succesfully', '2021-02-12 08:13:50'),
(294, 690, 'product status change', 'Nofification', 'Your Product is Published now', '2021-02-12 12:38:46'),
(295, 641, 'product booked', 'Nofification', 'Your Product has been booked succesfully', '2021-02-13 05:05:18'),
(296, 680, 'product booked', 'Nofification', 'Your Product has been booked succesfully', '2021-02-13 09:56:47'),
(297, 695, 'product booked', 'Nofification', 'Your Product has been booked succesfully', '2021-02-14 07:26:49'),
(298, 338, 'product booked', 'Nofification', 'Your Product has been booked succesfully', '2021-02-14 07:49:02'),
(299, 43, 'product status change', 'Nofification', 'Your Product is Unpublished now', '2021-02-15 03:15:58'),
(300, 43, 'product status change', 'Nofification', 'Your Product is Published now', '2021-02-15 03:16:26'),
(301, 43, 'product status change', 'Nofification', 'Your Product is Unpublished now', '2021-02-15 03:16:49'),
(302, 43, 'product status change', 'Nofification', 'Your Product is Published now', '2021-02-15 03:17:25'),
(303, 43, 'product status change', 'Nofification', 'Your Product is Unpublished now', '2021-02-15 03:17:47'),
(304, 43, 'product status change', 'Nofification', 'Your Product is Published now', '2021-02-15 03:21:04'),
(305, 681, 'user complaint', 'Nofification', 'Thanks. You have registered a Complaint Successfully', '2021-02-15 05:26:09'),
(306, 697, 'product booked', 'Nofification', 'Your Product has been booked succesfully', '2021-02-17 02:51:21'),
(307, 697, 'yo', '10010', 'tropical\r\n', '0000-00-00 00:00:00'),
(308, 691, 'product booked', 'Nofification', 'Your Product has been booked succesfully', '2021-02-17 10:02:08'),
(309, 703, 'product booked', 'Nofification', 'Your Product has been booked succesfully', '2021-02-18 12:15:25'),
(310, 703, 'product booked', 'Nofification', 'Your Product has been booked succesfully', '2021-02-18 12:18:12'),
(311, 625, 'product booked', 'Nofification', 'Your Product has been booked succesfully', '2021-02-21 03:37:53'),
(312, 501, 'product booked', 'Nofification', 'Your Product has been booked succesfully', '2021-02-25 01:43:13'),
(313, 727, 'product booked', 'Nofification', 'Your Product has been booked succesfully', '2021-02-26 08:32:41'),
(314, 718, 'product booked', 'Nofification', 'Your Product has been booked succesfully', '2021-02-27 09:06:24'),
(315, 447, 'product booked', 'Nofification', 'Your Product has been booked succesfully', '2021-02-27 08:47:35'),
(316, 18, 'product status change', 'Nofification', 'Your Product is Unpublished now', '2021-02-27 10:27:37'),
(317, 715, 'product booked', 'Nofification', 'Your Product has been booked succesfully', '2021-03-02 07:25:42'),
(318, 715, 'product booked', 'Nofification', 'Your Product has been booked succesfully', '2021-03-02 07:26:54'),
(319, 745, 'product booked', 'Nofification', 'Your Product has been booked succesfully', '2021-03-04 08:36:17'),
(320, 758, 'product booked', 'Nofification', 'Your Product has been booked succesfully', '2021-03-05 02:47:09'),
(321, 762, 'product booked', 'Nofification', 'Your Product has been booked succesfully', '2021-03-05 02:48:04'),
(322, 758, 'product status change', 'Nofification', 'Your Product is Published now', '2021-03-05 12:49:50'),
(323, 768, 'Home', '10010', 'hi', '0000-00-00 00:00:00'),
(324, 690, 'product status change', 'Nofification', 'Your Product is Published now', '2021-03-09 05:07:09'),
(325, 766, 'product booked', 'Nofification', 'Your Product has been booked succesfully', '2021-03-10 07:14:21'),
(326, 779, 'product booked', 'Nofification', 'Your Product has been booked succesfully', '2021-03-11 01:02:47'),
(327, 760, 'product booked', 'Nofification', 'Your Product has been booked succesfully', '2021-03-12 01:08:32'),
(328, 779, 'product booked', 'Nofification', 'Your Product has been booked succesfully', '2021-03-13 06:01:59'),
(329, 791, 'product booked', 'Nofification', 'Your Product has been booked succesfully', '2021-03-14 03:15:38'),
(330, 791, 'product booked', 'Nofification', 'Your Product has been booked succesfully', '2021-03-14 03:17:08'),
(331, 791, 'product booked', 'Nofification', 'Your Product has been booked succesfully', '2021-03-14 03:22:57'),
(332, 494, 'product booked', 'Nofification', 'Your Product has been booked succesfully', '2021-03-14 11:42:13'),
(333, 786, 'product booked', 'Nofification', 'Your Product has been booked succesfully', '2021-03-15 11:13:45'),
(334, 786, 'product booked', 'Nofification', 'Your Product has been booked succesfully', '2021-03-15 11:17:07'),
(335, 401, 'product status change', 'Nofification', 'Your Product is Published now', '2021-03-14 11:20:35'),
(336, 805, 'product booked', 'Nofification', 'Your Product has been booked succesfully', '2021-03-17 01:50:19'),
(337, 779, 'Testing', '10010', 'Hello', '0000-00-00 00:00:00'),
(338, 807, 'product booked', 'Nofification', 'Your Product has been booked succesfully', '2021-03-17 04:23:43'),
(339, 807, 'product booked', 'Nofification', 'Your Product has been booked succesfully', '2021-03-17 04:29:56'),
(340, 807, 'product booked', 'Nofification', 'Your Product has been booked succesfully', '2021-03-17 04:31:00'),
(341, 807, 'product booked', 'Nofification', 'Your Product has been booked succesfully', '2021-03-17 04:47:40'),
(342, 812, 'product booked', 'Nofification', 'Your Product has been booked succesfully', '2021-03-18 06:02:12'),
(343, 815, 'product booked', 'Nofification', 'Your Product has been booked succesfully', '2021-03-18 09:42:51'),
(344, 811, 'product booked', 'Nofification', 'Your Product has been booked succesfully', '2021-03-20 12:46:16'),
(345, 810, 'product booked', 'Nofification', 'Your Product has been booked succesfully', '2021-03-20 12:46:43'),
(346, 810, 'product booked', 'Nofification', 'Your Product has been booked succesfully', '2021-03-20 01:12:31'),
(347, 760, 'product booked', 'Nofification', 'Your Product has been booked succesfully', '2021-03-20 08:23:22'),
(348, 814, 'product booked', 'Nofification', 'Your Product has been booked succesfully', '2021-03-20 09:12:55'),
(349, 814, 'product booked', 'Nofification', 'Your Product has been booked succesfully', '2021-03-20 09:37:54'),
(350, 814, 'booking Confirmed', 'Nofification', 'Your booking  has been Rejected', '2021-03-20 09:39:06'),
(351, 814, 'booking Confirmed', 'Nofification', 'Your booking  has been Rejected', '2021-03-20 09:39:12'),
(352, 814, 'booking Confirmed', 'Nofification', 'Your booking  has been Rejected', '2021-03-20 09:39:20'),
(353, 819, 'product booked', 'Nofification', 'Your Product has been booked succesfully', '2021-03-22 03:55:44'),
(354, 832, 'product booked', 'Nofification', 'Your Product has been booked succesfully', '2021-03-22 06:39:43'),
(355, 819, 'product booked', 'Nofification', 'Your Product has been booked succesfully', '2021-03-22 09:17:46'),
(356, 807, 'product booked', 'Nofification', 'Your Product has been booked succesfully', '2021-03-22 02:04:44');

-- --------------------------------------------------------

--
-- Table structure for table `pay_subscription_log`
--

CREATE TABLE `pay_subscription_log` (
  `id` int(11) NOT NULL,
  `user_id` int(11) NOT NULL,
  `package_id` int(11) NOT NULL,
  `amount` varchar(255) COLLATE utf8_unicode_ci NOT NULL,
  `currency` varchar(155) COLLATE utf8_unicode_ci NOT NULL,
  `client_secret` text COLLATE utf8_unicode_ci NOT NULL,
  `payment_method` varchar(255) COLLATE utf8_unicode_ci NOT NULL,
  `note` varchar(500) COLLATE utf8_unicode_ci NOT NULL,
  `created_at` timestamp NOT NULL DEFAULT '0000-00-00 00:00:00' ON UPDATE CURRENT_TIMESTAMP
) ENGINE=MyISAM DEFAULT CHARSET=utf8 COLLATE=utf8_unicode_ci;

--
-- Dumping data for table `pay_subscription_log`
--

INSERT INTO `pay_subscription_log` (`id`, `user_id`, `package_id`, `amount`, `currency`, `client_secret`, `payment_method`, `note`, `created_at`) VALUES
(1, 3, 1, '300', 'usd', 'pi_1H0qeuJcjbNSgRrvNjmMDnN1_secret_LXr2miDRd5CAQTkxuJ9DqG8FB', '', '', '0000-00-00 00:00:00'),
(2, 3, 1, '300', 'usd', 'pi_1H0qpZJcjbNSgRrvibiIUhDT_secret_qFXLRYTnW2dSqx1MAm3oHZO61', '', 'for product ', '0000-00-00 00:00:00'),
(3, 3, 1, '300', 'usd', 'pi_1H0qtAJcjbNSgRrvELvnsnOv_secret_4cJRtPbycMKRHO4tYRPVZKLDR', '', 'for product ', '0000-00-00 00:00:00'),
(4, 2, 1, '300', 'usd', 'pi_1H0tR8JcjbNSgRrvuWNQi1B7_secret_kikaXfQHwGzDn3OxuD2oOsaFP', '', 'for product ', '0000-00-00 00:00:00'),
(5, 3, 1, '300', 'usd', 'pi_1H1EQ3JcjbNSgRrv9fgpTTjL_secret_iHrMpwdLfgVPQcszYmbbdc7Ln', '', 'for product ', '0000-00-00 00:00:00'),
(6, 3, 1, '300', 'usd', 'pi_1H1EVBJcjbNSgRrvAIJRj1jD_secret_0mmbrCVOG0lXIsDrDZN7aEGws', '', 'for product ', '0000-00-00 00:00:00'),
(7, 3, 1, '300', 'usd', 'pi_1H1EeMJcjbNSgRrvfBu0Eo5h_secret_v02y40SRhIDGlE5spr85naaXS', '', 'for product ', '0000-00-00 00:00:00'),
(8, 3, 1, '300', 'usd', 'pi_1H1ElHJcjbNSgRrvyzfIBIIh_secret_bSgWKANx2cZ0jO1MoPC2GnnDm', '', 'for product 4', '0000-00-00 00:00:00'),
(9, 3, 1, '300', 'usd', 'pi_1H1EpPJcjbNSgRrvRyD3OdI0_secret_oQHS1Gt1slUZ19Oxg2GBuGVG7', '', 'for product 4', '0000-00-00 00:00:00'),
(10, 3, 6, '1500', 'usd', 'pi_1H2hUhJcjbNSgRrvc526w3e2_secret_vVdf143J9nH7IEmwLZblByWbG', '', 'for product 8', '0000-00-00 00:00:00'),
(11, 3, 6, '15', 'usd', 'pi_1H34wAJcjbNSgRrvaaVqyl3c_secret_XR8zWLykvk4MfGheFhs677uAV', '', 'product', '0000-00-00 00:00:00'),
(12, 3, 6, '1500', 'usd', 'pi_1H34yfJcjbNSgRrv5NfiooJW_secret_FxYIPRWTPcLfkGRfEV7zvLdhk', '', 'product', '0000-00-00 00:00:00'),
(13, 36, 1, '5000', 'usd', 'pi_1H5JmCJcjbNSgRrviotuxV8n_secret_b9C4aHOEGhQDw6GrWwvPqym8A', '', '', '0000-00-00 00:00:00'),
(14, 36, 1, '5000', 'usd', 'pi_1H5JpoJcjbNSgRrvorcuEOty_secret_xKqcabQZ3kZ80bfPstRWiq9Ca', '', '', '0000-00-00 00:00:00'),
(15, 36, 1, '5000', 'usd', 'pi_1H5JptJcjbNSgRrvb1Nn14wn_secret_MGyQw7OeSQGk4h2smJWuVTlrO', '', '', '0000-00-00 00:00:00'),
(16, 43, 5, '800', 'usd', 'pi_1H5SRwJcjbNSgRrvphctOsCd_secret_LAicFNECbxayZ5DdoTwASKDYU', '', 'for product 17', '0000-00-00 00:00:00'),
(17, 62, 3, '12000', 'usd', 'pi_1H5aPhJcjbNSgRrvsqvl6TyW_secret_AOEVtRTXDRnNXa2QM9tDJWpWK', '', '', '0000-00-00 00:00:00'),
(18, 80, 3, '12000', 'usd', 'pi_1H5o9gJcjbNSgRrvef6kr97V_secret_APy84P1LUZEJ7c6r23oG52z19', '', '', '0000-00-00 00:00:00'),
(19, 80, 3, '12000', 'usd', 'pi_1H5o9kJcjbNSgRrv40M6MU3R_secret_8TLck7pXWI6t9J8mRrYSzRkcE', '', '', '0000-00-00 00:00:00'),
(20, 88, 4, '20000', 'usd', 'pi_1H62PyJcjbNSgRrv7r4hz9rU_secret_PYgUeknIAVhlooS4QCvbqPRag', '', '', '0000-00-00 00:00:00'),
(21, 95, 4, '20000', 'usd', 'pi_1H6IzyJcjbNSgRrvwTTN4WXy_secret_FgeSeaO6wx4S1V9ba2YUmgqz1', '', '', '0000-00-00 00:00:00'),
(22, 96, 3, '12000', 'usd', 'pi_1H6JzGJcjbNSgRrv6adpp1Eg_secret_5GJbu15ayBREHt894a2KPk8RK', '', '', '0000-00-00 00:00:00'),
(23, 79, 4, '20000', 'usd', 'pi_1H6MuUJcjbNSgRrvbfjOLTUs_secret_TCOBsUTqanNHT9mY5AQyP1qsi', '', '', '0000-00-00 00:00:00'),
(24, 108, 3, '12000', 'usd', 'pi_1H6lgsJcjbNSgRrvqdZPyzyN_secret_SIbGObLttvhKJmD3YsY70aWMR', '', '', '0000-00-00 00:00:00'),
(25, 43, 5, '1000', 'usd', 'pi_1H6xF4JcjbNSgRrvUZUT3dNb_secret_4KdAKQ3Le01oXWJqgSAz3TZl5', '', 'for product 18', '0000-00-00 00:00:00'),
(26, 128, 3, '12000', 'usd', 'pi_1H7nzuJcjbNSgRrvzQ2NOC8l_secret_dl4ObDE6AedTQaNBQusRg0axk', '', '', '0000-00-00 00:00:00'),
(27, 128, 4, '20000', 'usd', 'pi_1H88fmJcjbNSgRrvSoa5Gy6d_secret_aI8JznuH2ZmagMOEgnA9DYJ2l', '', '', '0000-00-00 00:00:00'),
(28, 134, 3, '12000', 'usd', 'pi_1H8CPcJcjbNSgRrvZNO733vx_secret_1SCshpbOhgDv1Ui3o8HW8FCzx', '', '', '0000-00-00 00:00:00'),
(29, 142, 3, '12000', 'usd', 'pi_1H8W7kJcjbNSgRrv2o1lmU1g_secret_ai4x0JIsemfbvcNvZkyYHqXnr', '', '', '0000-00-00 00:00:00'),
(30, 142, 4, '20000', 'usd', 'pi_1H8W7mJcjbNSgRrvbgSmZUVj_secret_HZ8VkppXPDkvhmOPaeoy5VRjQ', '', '', '0000-00-00 00:00:00'),
(31, 137, 3, '12000', 'usd', 'pi_1H97wuJcjbNSgRrv6NtDd6yB_secret_C9gX8a3EGalfR1juNXqacTgjK', '', '', '0000-00-00 00:00:00'),
(32, 149, 4, '20000', 'usd', 'pi_1H99KRJcjbNSgRrvsqb5ZlE1_secret_YW3Yzr1klIcjiMEclXQCLwImk', '', '', '0000-00-00 00:00:00'),
(33, 165, 3, '12000', 'usd', 'pi_1HBMJuJcjbNSgRrvy4KQ2P2D_secret_IchEtqEoXittgdHNQ8DbRLNfB', '', '', '0000-00-00 00:00:00'),
(34, 168, 4, '20000', 'usd', 'pi_1HBT4fJcjbNSgRrvyLeJbjsd_secret_JMrQMZFFYIAxrG1Bc4ZlFSBwu', '', '', '0000-00-00 00:00:00'),
(35, 168, 4, '20000', 'usd', 'pi_1HBgYYJcjbNSgRrvOCg5c0rH_secret_wdquJLfGrZ0xgg3vuzrX4rS1O', '', '', '0000-00-00 00:00:00'),
(36, 168, 4, '20000', 'usd', 'pi_1HBgYaJcjbNSgRrvh6gMXlLV_secret_twJTb8Lnfs5QRpx4geM0hdqCL', '', '', '0000-00-00 00:00:00'),
(37, 134, 3, '12000', 'usd', 'pi_1HBnUjJcjbNSgRrvx6Dz6mUP_secret_m1g0lO3xH3KrakM2OPl0XXna9', '', '', '0000-00-00 00:00:00'),
(38, 134, 4, '20000', 'usd', 'pi_1HCpeJJcjbNSgRrvnrl6wEBO_secret_dPmdpoA5MfncjbEeWNrWgPoPz', '', '', '0000-00-00 00:00:00'),
(39, 186, 4, '20000', 'usd', 'pi_1HDHeEJcjbNSgRrvLDGmv3dS_secret_dr1iWE5TSST4iUYAP8vklxNT8', '', '', '0000-00-00 00:00:00'),
(40, 189, 4, '20000', 'usd', 'pi_1HDYt8JcjbNSgRrvJEQkLuDU_secret_SWG2iaZiS1ocyHPXKPqxqIgam', '', '', '0000-00-00 00:00:00'),
(41, 206, 3, '12000', 'usd', 'pi_1HGB86JcjbNSgRrveQX8V3qL_secret_l7CN0c4tXTwNXA25D9E3QprTk', '', '', '0000-00-00 00:00:00'),
(42, 19, 3, '12000', 'usd', 'pi_1HJclvJcjbNSgRrvgVteL0KX_secret_6y92bd7NMd1JAboTDW1jjYiEo', '', '', '0000-00-00 00:00:00'),
(43, 252, 3, '12000', 'usd', 'pi_1HKD77JcjbNSgRrvceGDPAMz_secret_SnMXBNfsvkOJfppY7cCj9S4uE', '', '', '0000-00-00 00:00:00'),
(44, 246, 3, '12000', 'usd', 'pi_1HKiW8JcjbNSgRrv3WmoiUXb_secret_6xi63v24ZcSzavxgAEnwrfhA4', '', '', '0000-00-00 00:00:00'),
(45, 254, 1, '700', 'usd', 'pi_1HKq91JcjbNSgRrvKlix29T3_secret_0DzcO85BSs1wKz95Md9nj7m2o', '', '', '0000-00-00 00:00:00'),
(46, 254, 1, '700', 'usd', 'pi_1HKqI2JcjbNSgRrvdUZq2wfr_secret_ZZgVxeeRH8pYgbgskPzkEzsqK', '', '', '0000-00-00 00:00:00'),
(47, 259, 1, '700', 'usd', 'pi_1HLnQ1JcjbNSgRrvScLdBsu4_secret_kIMmmhbWbnBOr26I6hU11rEu2', '', '', '0000-00-00 00:00:00'),
(48, 261, 1, '700', 'usd', 'pi_1HM9gCJcjbNSgRrvooyh7rXS_secret_lw5zGXJ7cfywKk8FqrxZuSrc2', '', '', '0000-00-00 00:00:00'),
(49, 262, 1, '700', 'usd', 'pi_1HMD1xJcjbNSgRrvFAAxVtd3_secret_qfNXcUJ5gtw38GAdKfDr7plkr', '', '', '0000-00-00 00:00:00'),
(50, 264, 1, '700', 'usd', 'pi_1HMGNKJcjbNSgRrvINJGNygw_secret_n23wQFmoOeC1cjhiqUCFRMGue', '', '', '0000-00-00 00:00:00'),
(51, 262, 6, '1500', 'usd', 'pi_1HMY1UJcjbNSgRrvfw5wTLDD_secret_OVmxfr8oW44Qkq4Xb5YrZ7cVB', '', 'for product 40', '0000-00-00 00:00:00'),
(52, 148, 4, '2000', 'usd', 'pi_1HNN1aJcjbNSgRrvHebiakLp_secret_r2YV1JnvsHeELFiB0sIJN36Z0', '', '', '0000-00-00 00:00:00'),
(53, 276, 1, '700', 'usd', 'pi_1HNgcSJcjbNSgRrv5BWLhieu_secret_NlRLVpTqYTmUjkxdhzYXtahci', '', '', '0000-00-00 00:00:00'),
(54, 283, 1, '700', 'usd', 'pi_1HOZ8SJcjbNSgRrvTYAVECQK_secret_NQ9QuOuDZTy21YakIfrRY305x', '', '', '0000-00-00 00:00:00'),
(55, 287, 9, '3500', 'usd', 'pi_1HP388JcjbNSgRrvPngJsTzF_secret_1bKy2UyjOqPE006NQMcsURDuH', '', '', '0000-00-00 00:00:00'),
(56, 264, 3, '3000', 'usd', 'pi_1HPXfDJcjbNSgRrv7kUdXDGl_secret_dtnDSJp62XrD4bEpEE2cmWras', '', '', '0000-00-00 00:00:00'),
(57, 292, 9, '3500', 'usd', 'pi_1HPbLDJcjbNSgRrvMlywWuqK_secret_89SyBe5uDDim2E0GQKYxz4Rjc', '', '', '0000-00-00 00:00:00'),
(58, 295, 9, '3500', 'usd', 'pi_1HPtPpJcjbNSgRrvU9sYksNU_secret_vpqto1Gsy2mfGlT5PDRBt2FTA', '', '', '0000-00-00 00:00:00'),
(59, 310, 10, '200', 'usd', 'pi_1HUBcLJcjbNSgRrv1kNwTBv5_secret_tMAVo0VehA5HD0qPVNJHxYBY5', '', '', '0000-00-00 00:00:00'),
(60, 244, 3, '3000', 'usd', 'pi_1HUPFlJcjbNSgRrvkq7qyqmA_secret_tOEO8ghAFmQeHSC1TGv7Eznjy', '', '', '0000-00-00 00:00:00'),
(61, 306, 3, '3000', 'usd', 'pi_1HUy8QJcjbNSgRrvvy9kf6Ii_secret_A9UazOu2DiuyRNWeIKisfNCRu', '', '', '0000-00-00 00:00:00'),
(62, 306, 3, '3000', 'usd', 'pi_1HVTTuJcjbNSgRrvkIcuqr0P_secret_S2v9EgU1Sbe33GgmMWBRBsbRM', '', '', '0000-00-00 00:00:00'),
(63, 316, 3, '3000', 'usd', 'pi_1HVYl2JcjbNSgRrvQKRfgVE9_secret_CDChy7d7bgfthlzcSrmgDJZ7r', '', '', '0000-00-00 00:00:00'),
(64, 306, 3, '3000', 'usd', 'pi_1HVpaoJcjbNSgRrvpoj29BOp_secret_Xos35Rxmr1lT0LoZHWtGsX1t2', '', '', '0000-00-00 00:00:00'),
(65, 318, 3, '3000', 'usd', 'pi_1HW4iaJcjbNSgRrvjSM6TkUd_secret_F4l9L8kQaG0w9LPdy3C5nrMc9', '', '', '0000-00-00 00:00:00'),
(66, 309, 3, '3000', 'usd', 'pi_1HWEd9JcjbNSgRrvBNTv0Ksm_secret_yEI2W8B2gYLBcxjhI0XqzxgYW', '', '', '0000-00-00 00:00:00'),
(67, 320, 10, '200', 'usd', 'pi_1HWJtqJcjbNSgRrvZ4ixvuLC_secret_0A18uPv6K9CCJOky0LLd4gURh', '', '', '0000-00-00 00:00:00'),
(68, 259, 2, '1500', 'usd', 'pi_1HXLPOJcjbNSgRrvi5A1bUiy_secret_A4WhsBa1gWFqQeUqdI6DPbH8h', '', 'for product 52', '0000-00-00 00:00:00'),
(69, 24, 3, '3000', 'usd', 'pi_1HYHySJcjbNSgRrvdZqc7q0f_secret_bhUxR3fNXv1W5AebFp6reeIOA', '', '', '0000-00-00 00:00:00'),
(70, 24, 10, '200', 'usd', 'pi_1HYHycJcjbNSgRrv3nY2X8vE_secret_In51sIWcGW4gcQ9ZEEh74RoqD', '', '', '0000-00-00 00:00:00'),
(71, 24, 9, '3500', 'usd', 'pi_1HYHyfJcjbNSgRrvGRSdAPDz_secret_HG1fmJ1v4dCBs3omRCKmjAvFC', '', '', '0000-00-00 00:00:00'),
(72, 24, 3, '3000', 'usd', 'pi_1HYHymJcjbNSgRrvgS6umKzW_secret_BUKJQXM6wbw3szMejVJnXydAh', '', '', '0000-00-00 00:00:00'),
(73, 24, 10, '200', 'usd', 'pi_1HZTYCJcjbNSgRrvxbcl5eVK_secret_kRpbYbcqRKOKrJOIjsnpzVuTs', '', '', '0000-00-00 00:00:00'),
(74, 24, 9, '3500', 'usd', 'pi_1HZTYSJcjbNSgRrvN1jBDB7N_secret_JrDmN8HG5myzJ4iNXNcE8QXLA', '', '', '0000-00-00 00:00:00'),
(75, 336, 3, '3000', 'usd', 'pi_1HZWvIJcjbNSgRrvIySYfBtG_secret_KHyyQH5deLNUSsPRFb0wOkkrZ', '', '', '0000-00-00 00:00:00'),
(76, 344, 3, '3000', 'usd', 'pi_1HacxuJcjbNSgRrvPfCXPX8J_secret_2QMXjv8zOJt3N1udKKti6Kqld', '', '', '0000-00-00 00:00:00'),
(77, 345, 3, '3000', 'usd', 'pi_1HbOHnJcjbNSgRrvo9KAFDuH_secret_xusBP58IycPN0dBu1DN8ctsN0', '', '', '0000-00-00 00:00:00'),
(78, 24, 10, '200', 'usd', 'pi_1HcdYLJcjbNSgRrvql63PJnu_secret_HeEw6ZtLH2wcFwmQJUjbnaw3f', '', '', '0000-00-00 00:00:00'),
(79, 362, 3, '3000', 'usd', 'pi_1Hcy0NJcjbNSgRrvwsALh0CW_secret_RlIaDXDGET78CZ6sQy5lYhD9e', '', '', '0000-00-00 00:00:00'),
(80, 24, 3, '3000', 'usd', 'pi_1Hds89JcjbNSgRrvMNM251kE_secret_qWjrfbVRqcJUtdVaAWs2uOeUT', '', '', '0000-00-00 00:00:00'),
(81, 24, 9, '3500', 'usd', 'pi_1Hds8MJcjbNSgRrvGzCeleL9_secret_M1tsE5YmLX9PGGlhNZF4NBGAs', '', '', '0000-00-00 00:00:00'),
(82, 24, 10, '200', 'usd', 'pi_1Hds8SJcjbNSgRrvlquxym65_secret_vzg14dl97IJspLFDoSQFuVHhi', '', '', '0000-00-00 00:00:00'),
(83, 24, 3, '3000', 'usd', 'pi_1Hds8aJcjbNSgRrvkDLQibdg_secret_gjz7kbeQCLtDfmHITdIz4EmsE', '', '', '0000-00-00 00:00:00'),
(84, 53, 3, '3000', 'usd', 'pi_1HfSu1JcjbNSgRrv03Ft7VmD_secret_9N9AXYQ51FszAEC9zC8CkY8pK', '', '', '0000-00-00 00:00:00'),
(85, 151, 3, '3000', 'usd', 'pi_1HgYwLJcjbNSgRrvzgsELKbV_secret_NZqltMJbQcoRBH81pY1BUYuT9', '', '', '0000-00-00 00:00:00'),
(86, 151, 10, '200', 'usd', 'pi_1HgYwVJcjbNSgRrva6XzwwAT_secret_r0Yz6oLldOYILPsDJ5aL7ZzIB', '', '', '0000-00-00 00:00:00'),
(87, 280, 3, '3000', 'usd', 'pi_1Hgy3eJcjbNSgRrvXP5aoVgW_secret_ajWOXzhxCZisgkvTUVBp1TbXH', '', '', '0000-00-00 00:00:00'),
(88, 213, 3, '3000', 'usd', 'pi_1HhY8lJcjbNSgRrvavnI6i9p_secret_BDYDD7Z1VUjBZhjDgd0nCCN2x', '', '', '0000-00-00 00:00:00'),
(89, 213, 3, '3000', 'usd', 'pi_1HhvbgJcjbNSgRrvpCIS0qDN_secret_yrGGuIrHjdQtve6ZK9Y8ax781', '', '', '0000-00-00 00:00:00'),
(90, 33, 9, '3500', 'usd', 'pi_1HjAEpJcjbNSgRrvrSs0EBWa_secret_DBqKmGWqFvS8PgneUfhOnWCEL', '', '', '0000-00-00 00:00:00'),
(91, 378, 3, '3000', 'usd', 'pi_1HjOCgJcjbNSgRrvofX578fP_secret_DdMOcA57ohqp82jjJNoRSMmM6', '', '', '0000-00-00 00:00:00'),
(92, 373, 10, '200', 'usd', 'pi_1HkpqgJcjbNSgRrv84Qiv9XD_secret_CXTsOvTNtQ9PFNUEShkVH7vym', '', '', '0000-00-00 00:00:00'),
(93, 373, 3, '3000', 'usd', 'pi_1Hl1rjJcjbNSgRrvNRgQHF7I_secret_13dq32njbcpsYZNVLjVNvCFhU', '', '', '0000-00-00 00:00:00'),
(94, 394, 3, '3000', 'usd', 'pi_1HoABlJcjbNSgRrvOEZi2Dy1_secret_ww9tLtacADkH0QlPZWd9de2Mu', '', '', '0000-00-00 00:00:00'),
(95, 306, 8, '3900', 'usd', 'pi_1HqEvWJcjbNSgRrvEyj1m2oz_secret_k4ks6G77bzNVjSkb4kEZRpKoS', '', 'for product 56', '0000-00-00 00:00:00'),
(96, 321, 10, '200', 'usd', 'pi_1Hqe19JcjbNSgRrvYWWiuk6G_secret_wyfcNyNnpPGfwo952MZdJkQsG', '', '', '0000-00-00 00:00:00'),
(97, 321, 9, '3500', 'usd', 'pi_1Hqe3qJcjbNSgRrvrLDOogX0_secret_qqznEvFRw9uhAFu0iYEEhTURk', '', '', '0000-00-00 00:00:00'),
(98, 321, 3, '3000', 'usd', 'pi_1Hqe40JcjbNSgRrvQscZIQ9N_secret_fdyNjdyyqCllGPLc1IJygYWvi', '', '', '0000-00-00 00:00:00'),
(99, 278, 3, '3000', 'usd', 'pi_1Hs7mlJcjbNSgRrv5sg1jUmQ_secret_oBrAqaWkQ3tdGK8U4vNcK5zXT', '', '', '0000-00-00 00:00:00'),
(100, 418, 8, '3900', 'usd', 'pi_1HtomPJcjbNSgRrvF78pA507_secret_OYTJHuGRanzbkOtMOyoiRSDPg', '', 'for product 73', '0000-00-00 00:00:00'),
(101, 418, 8, '3900', 'usd', 'pi_1HtpIcJcjbNSgRrvf0V4wTLB_secret_b75PSAPTrVLPmg0xu6XhIQWcI', '', 'for product 73', '0000-00-00 00:00:00'),
(102, 418, 8, '3900', 'usd', 'pi_1HtpPfJcjbNSgRrvF9GhQRRt_secret_tvroqT1tXA3XXQ7HHEKw751wO', '', 'for product 73', '0000-00-00 00:00:00'),
(103, 3, 6, '500', 'usd', 'pi_1HtsrAJcjbNSgRrvgRu9zBB7_secret_fBHE3WaBLlGWaboRQe0tE80ne', '', 'product', '0000-00-00 00:00:00'),
(104, 418, 6, '500', 'usd', 'pi_1Htt3uJcjbNSgRrvETKBKil9_secret_RejdcVU8BZuh6MQkqmxo2oGL4', '', 'For product ', '0000-00-00 00:00:00'),
(105, 418, 2, '1500', 'usd', 'pi_1Huao6JcjbNSgRrvCN8bKm3l_secret_hSz8VofepqVmBGZJGFUtm5cfw', '', 'for product 73', '0000-00-00 00:00:00'),
(106, 418, 6, '500', 'usd', 'pi_1HuatVJcjbNSgRrv9MNYkTWF_secret_RYpEUTKnAleDVuY571bzN2qdc', '', 'For product ', '0000-00-00 00:00:00'),
(107, 418, 6, '500', 'usd', 'pi_1Huax1JcjbNSgRrvH3HxaHuw_secret_34J7ruKB272LCjqyu7GPkv0SO', '', 'For product ', '0000-00-00 00:00:00'),
(108, 418, 2, '1500', 'usd', 'pi_1Hub3RJcjbNSgRrvVXGn0H6p_secret_RqmkwzlsTb7gvRzHLEIuc7x54', '', 'For product 73', '0000-00-00 00:00:00'),
(109, 418, 2, '1500', 'usd', 'pi_1HubGlJcjbNSgRrvpyOFV8w6_secret_wX9XuL5L6R0jjer4MuX476gpH', '', 'For product 73', '0000-00-00 00:00:00'),
(110, 418, 8, '3900', 'usd', 'pi_1HubjlJcjbNSgRrvOvP7IXzT_secret_DcuVkNtyWJqlM9EG4VUvYaCNG', '', 'For product 73', '0000-00-00 00:00:00'),
(111, 418, 8, '3900', 'usd', 'pi_1HubmcJcjbNSgRrvNr69TY6N_secret_XHThTcu8fugqwFs8jKF6GyeJQ', '', 'For product 73', '0000-00-00 00:00:00'),
(112, 418, 8, '3900', 'usd', 'pi_1HubnFJcjbNSgRrvcrWQkK25_secret_XSCOOy2vQerivQBW7CEt5cpzp', '', 'For product 73', '0000-00-00 00:00:00'),
(113, 418, 8, '3900', 'usd', 'pi_1HubnVJcjbNSgRrvzBUwoo41_secret_n4NhbN1tuBhMGCMUN3oKuJ3ZI', '', 'For product 73', '0000-00-00 00:00:00'),
(114, 418, 8, '3900', 'usd', 'pi_1HubzbJcjbNSgRrv1YRyUQN8_secret_ay92w17tENPWlVCoe2ERK1hh2', '', 'For product 72', '0000-00-00 00:00:00'),
(115, 418, 10, '200', 'usd', 'pi_1HuioQJcjbNSgRrv7PJHvlUp_secret_q0xsaSa21ojLOBXAP1lZRTHRa', '', 'For product 2020-12-04 23:45:22.035299', '0000-00-00 00:00:00'),
(116, 418, 9, '3500', 'usd', 'pi_1HuipvJcjbNSgRrvj6roHc5T_secret_JwgEZ3RPymWZ6GEoN0UJqkeUs', '', 'For product 2020-12-04 23:46:55.794984', '0000-00-00 00:00:00'),
(117, 418, 10, '200', 'usd', 'pi_1HuizMJcjbNSgRrv6My4fYvB_secret_BeNT5381LSDmJob25NWtcDTp6', '', 'For product 2020-12-04 23:56:39.769782', '0000-00-00 00:00:00'),
(118, 418, 3, '3000', 'usd', 'pi_1Huj30JcjbNSgRrvvogqIA9R_secret_BvPz1PpSWVS9V5DLqAaFcOAST', '', 'For product 2020-12-05 00:00:26.486966', '0000-00-00 00:00:00'),
(119, 418, 3, '3000', 'usd', 'pi_1Huj3FJcjbNSgRrvHwPdcHpZ_secret_GHPilSXgXTiQhXVLKOlpQkg52', '', 'For product 2020-12-05 00:00:41.280490', '0000-00-00 00:00:00'),
(120, 418, 10, '200', 'usd', 'pi_1Huj5eJcjbNSgRrvhR500ctz_secret_5BclaEVetrKhzW5JVpkWXZeIC', '', 'For product 2020-12-05 00:03:10.176102', '0000-00-00 00:00:00'),
(121, 418, 10, '200', 'usd', 'pi_1Huj7cJcjbNSgRrvDSddWMJj_secret_IlMXvilxpicN6OeTVDvK28RHW', '', 'For product 2020-12-05 00:05:11.843280', '0000-00-00 00:00:00'),
(122, 401, 6, '500', 'usd', 'pi_1HukHKJcjbNSgRrv162unI1q_secret_7vOz8GKQT66cGXfYVeeS6n1cx', '', 'For product 79', '0000-00-00 00:00:00'),
(123, 415, 6, '500', 'usd', 'pi_1Hvi3mJcjbNSgRrvBQCVIfXK_secret_5rZ1aJtqf2QCEsMFJiYIgJJPB', '', 'For product 2020-12-07 17:09:16.731243', '0000-00-00 00:00:00'),
(124, 415, 6, '500', 'usd', 'pi_1Hvi4pJcjbNSgRrvl2oA2r5F_secret_kd5BM1eyZflYIjcaGRWWhXUh0', '', 'For product 2020-12-07 17:10:17.756093', '0000-00-00 00:00:00'),
(125, 415, 6, '500', 'usd', 'pi_1Hvi5CJcjbNSgRrvPXlQveWu_secret_ukv2o9wcnoBC9sxzaVvy5T4KU', '', 'For product 2020-12-07 17:10:23.544626', '0000-00-00 00:00:00'),
(126, 321, 3, '3000', 'usd', 'pi_1HxVnBJcjbNSgRrvHJK0v4WJ_secret_5P2YY26wgujUZzdY88wyqCDFY', '', '', '0000-00-00 00:00:00'),
(127, 321, 3, '3000', 'usd', 'pi_1HxVqSJcjbNSgRrvdGE2qoPi_secret_7JH6vMDiULsnXR7RgaE6Zm8dk', '', '', '0000-00-00 00:00:00'),
(128, 321, 9, '3500', 'usd', 'pi_1HxVqZJcjbNSgRrvuxevK9bB_secret_ppINY2tyw0xNkz5EOp38cJQ5k', '', '', '0000-00-00 00:00:00'),
(129, 324, 10, '200', 'usd', 'pi_1Hxn4xJcjbNSgRrvLyE6vyDf_secret_hfAGvEfOx1FvQDsIS5PbfhD3O', '', '', '0000-00-00 00:00:00'),
(130, 448, 3, '3000', 'usd', 'pi_1Hy8p9JcjbNSgRrvMibIeK8d_secret_WRrzgfFhSr3HYHshYvSy7T8Xl', '', '', '0000-00-00 00:00:00'),
(131, 448, 3, '3000', 'usd', 'pi_1Hy8pCJcjbNSgRrvhyG4Wvvn_secret_xIRddCa0f0hpfzxz8i5wBdCEH', '', '', '0000-00-00 00:00:00'),
(132, 418, 2, '1500', 'usd', 'pi_1HzQKtJcjbNSgRrvaCZYJYxu_secret_fbvm1YnfgGx2zbSrYLKJ0yehi', '', 'For product 2020-12-17 23:02:13.814181', '0000-00-00 00:00:00'),
(133, 306, 2, '1500', 'usd', 'pi_1HzddPJcjbNSgRrv0dxdNTzO_secret_XAZQmixb47pVm0JO8eX1cqJVC', '', 'For product 2020-12-18 13:14:12.972526', '0000-00-00 00:00:00'),
(134, 306, 2, '1500', 'usd', 'pi_1HzderJcjbNSgRrvY9odT7hK_secret_y2VIjrtHeXhAGoHVKt69gM2ba', '', 'For product 2020-12-18 13:15:46.953934', '0000-00-00 00:00:00'),
(135, 306, 8, '3900', 'usd', 'pi_1HzdvBJcjbNSgRrvWaB8wxz1_secret_vNx0rhCttqzQf4B4RgC9hQpOW', '', 'For product 2020-12-18 13:32:39.117491', '0000-00-00 00:00:00'),
(136, 306, 8, '3900', 'usd', 'pi_1HzdvUJcjbNSgRrvq2SCNVlo_secret_GFVZsydSbek9VlfxY4o1ejcj6', '', 'For product 2020-12-18 13:32:57.418360', '0000-00-00 00:00:00'),
(137, 306, 8, '3900', 'usd', 'pi_1HzdwQJcjbNSgRrvfGtnYxay_secret_w4eRiYnQMvQ3vOotJjRhM882q', '', 'For product 2020-12-18 13:33:55.075681', '0000-00-00 00:00:00'),
(138, 306, 2, '1500', 'usd', 'pi_1HzdxUJcjbNSgRrv7ogUxpZV_secret_2UEbDyvoTRKnBDoRxdj9WKKcX', '', 'For product 2020-12-18 13:35:00.943521', '0000-00-00 00:00:00'),
(139, 306, 2, '1500', 'usd', 'pi_1Hze0TJcjbNSgRrvvbR21gjx_secret_zXVefYND3X6p3Vgf9uaznRLGm', '', 'For product 2020-12-18 13:38:06.356018', '0000-00-00 00:00:00'),
(140, 306, 2, '1500', 'usd', 'pi_1Hze1OJcjbNSgRrvp0Cp7PpM_secret_ggE6SXM822pLRfYqHewoSH5im', '', 'For product 2020-12-18 13:39:02.947510', '0000-00-00 00:00:00'),
(141, 306, 2, '1500', 'usd', 'pi_1I0pgTJcjbNSgRrvhs1WZnt7_secret_yhP7AQcZeGbv5kSicXuAOvq0e', '', 'For product 2020-12-21 20:18:21.185384', '0000-00-00 00:00:00'),
(142, 306, 2, '1500', 'usd', 'pi_1I0pgiJcjbNSgRrvpyshgJMO_secret_WXjcYWcIzGFwL7NrSoSmfDR4V', '', 'For product 2020-12-21 20:18:27.692150', '0000-00-00 00:00:00'),
(143, 43, 2, '1500', 'usd', 'pi_1I0uUcJcjbNSgRrvGZz34LAv_secret_kGsuOZSLOSg8plIKHSog3KGCM', '', 'For product 2020-12-22 01:26:27.499819', '0000-00-00 00:00:00'),
(144, 306, 10, '200', 'usd', 'pi_1I4OoIJcjbNSgRrvIB82AuvM_secret_pV1faKY5cuf4Wlipp8kLSvK3r', '', 'For product 2020-12-31 16:25:11.918714', '0000-00-00 00:00:00'),
(145, 488, 10, '200', 'usd', 'pi_1I5lMmJcjbNSgRrvruWV8yU9_secret_gqmd3VVGqJkgMhTEIM7IEGSF2', '', '', '0000-00-00 00:00:00'),
(146, 306, 11, '500', 'usd', 'pi_1I5xenJcjbNSgRrv3VqVt5RT_secret_Q1OiZO9f9Kzm99npc8YAJRXZa', '', 'For product 2021-01-04 23:49:49.439950', '0000-00-00 00:00:00'),
(147, 306, 2, '1500', 'usd', 'pi_1I6DSaJcjbNSgRrvkuCJbNgD_secret_INGlChY9OpUChQIKK00dYKxfn', '', 'For product 2021-01-05 16:42:18.059137', '0000-00-00 00:00:00'),
(148, 516, 9, '3500', 'usd', 'pi_1IC5szJcjbNSgRrvR3PPELVo_secret_g8in0ChbiGedl7KqbvpsWOjMh', '', 'For product 2021-01-21 12:19:52.314207', '0000-00-00 00:00:00'),
(149, 618, 10, '200', 'usd', 'pi_1IEqsTJcjbNSgRrvx0w0GfAE_secret_wu27xhjxx2AGj0P9BMZUj2VIj', '', 'For product 2021-01-29 13:24:43.342918', '0000-00-00 00:00:00'),
(150, 618, 13, '50000', 'usd', 'pi_1IEr8VJcjbNSgRrvAYcKu17I_secret_0GKJKeZpduqFvV212joC3wUHk', '', 'For product 2021-01-29 13:41:18.239347', '0000-00-00 00:00:00'),
(151, 634, 9, '3500', 'usd', 'pi_1IGEWkJcjbNSgRrvjqOyogdl_secret_Fcl80lKiyW7yPoXF4EAsUOpuv', '', 'For product 2021-02-01 23:21:59.581473', '0000-00-00 00:00:00'),
(152, 634, 9, '3500', 'usd', 'pi_1IGEWtJcjbNSgRrvKJxy0Dns_secret_kuXbEzSvDoVZRTgLMhhA7XVWa', '', 'For product 2021-02-01 23:22:09.085754', '0000-00-00 00:00:00'),
(153, 469, 13, '50000', 'usd', 'pi_1IH2u4JcjbNSgRrv0HK8Fh9v_secret_y8ytPQMO5xhqbPzTTyyTNTI9A', '', 'For product 2021-02-04 08:09:22.092656', '0000-00-00 00:00:00'),
(154, 687, 13, '50000', 'usd', 'pi_1ILe9WJcjbNSgRrvyy5JDtBH_secret_lYzR4onmkKquZpuwDLH8t746Q', '', 'For product 2021-02-16 21:44:18.642448', '0000-00-00 00:00:00'),
(155, 501, 13, '50000', 'usd', 'pi_1IOdUrJcjbNSgRrvOG67Qgha_secret_0GL2j0vbZCJ386MOXTfBkkuj9', '', '', '0000-00-00 00:00:00'),
(156, 501, 10, '200', 'usd', 'pi_1IOdVCJcjbNSgRrvoGdeg2Z2_secret_zmzpyd9iDd49Q26vlRTrPQ3wA', '', '', '0000-00-00 00:00:00'),
(157, 741, 9, '3500', 'usd', 'pi_1IR2QTJcjbNSgRrvC03HOKZL_secret_q9fwc4tF0CmBQbiC0QXo1Bmat', '', '', '0000-00-00 00:00:00'),
(158, 779, 10, '200', 'usd', 'pi_1IThWXJcjbNSgRrvOk4lxqUE_secret_BjJpHuQlmoxQKN0NpNfACiTS5', '', '', '0000-00-00 00:00:00');

-- --------------------------------------------------------

--
-- Table structure for table `products`
--

CREATE TABLE `products` (
  `id` int(11) NOT NULL,
  `product_id` varchar(155) COLLATE utf8_unicode_ci NOT NULL,
  `name` varchar(255) COLLATE utf8_unicode_ci NOT NULL,
  `details` varchar(1024) COLLATE utf8_unicode_ci DEFAULT NULL,
  `category_id` int(11) NOT NULL,
  `sub_category_id` int(11) NOT NULL,
  `category_name` varchar(255) COLLATE utf8_unicode_ci DEFAULT NULL,
  `sub_category_name` varchar(255) COLLATE utf8_unicode_ci DEFAULT NULL,
  `is_featured` int(11) DEFAULT '0' COMMENT '1 means featured',
  `featured_at` datetime DEFAULT CURRENT_TIMESTAMP,
  `created_at` datetime NOT NULL DEFAULT CURRENT_TIMESTAMP,
  `updated_at` int(20) NOT NULL,
  `user_id` int(11) NOT NULL,
  `status` int(11) NOT NULL DEFAULT '0',
  `is_delete` int(11) NOT NULL DEFAULT '0',
  `is_approved` int(11) NOT NULL DEFAULT '0' COMMENT '0:not approved, 1:approved'
) ENGINE=InnoDB DEFAULT CHARSET=utf8 COLLATE=utf8_unicode_ci;

--
-- Dumping data for table `products`
--

INSERT INTO `products` (`id`, `product_id`, `name`, `details`, `category_id`, `sub_category_id`, `category_name`, `sub_category_name`, `is_featured`, `featured_at`, `created_at`, `updated_at`, `user_id`, `status`, `is_delete`, `is_approved`) VALUES
(9, 'R66613', 'Wooden Chair', '{\"address\":\"VIP Road\",\"category\":\"Furniture\",\"city\":\"Bhopal\",\"description\":\"Chair for garden, home, decide etc...\",\"document\":\"[https://api.applatus.com/rah/api/api/uploads/c0a334819eacc48cbcfc5527392627e0.jpg]\",\"fileds\":[{\"key\":\"Head Support\",\"value\":\"Yes\"},{\"key\":\"Wheels\",\"value\":\"No\"},{\"key\":\"Seat Lock\",\"value\":\"No\"},{\"key\":\"Swivel\",\"value\":\"Yes\"},{\"key\":\"Armest\",\"value\":\"Yes\"},{\"key\":\"Adjustable\",\"value\":\"No\"},{\"key\":\"Structure Material\",\"value\":\"Wooden\"},{\"key\":\"Upholstery Material\",\"value\":\"Bamboo\"},{\"key\":\"Dimensions (W*H)\",\"value\":\"80X80\"},{\"key\":\"Color\",\"value\":\"Brown\"},{\"key\":\"Style\",\"value\":\"Rest\"},{\"key\":\"Suitable For\",\"value\":\"All\"}],\"images\":\"[https://api.applatus.com/rah/api/api/uploads/711190-img_1594721717429.jpg]\",\"min_booking_amount\":\"77\",\"mobile_no\":\"70890000073\",\"name\":\"Simran\",\"price\":\"77\",\"price_unit\":\"Month\",\"product_name\":\"Wooden Chair\",\"subcategory\":\"Chair\"}', 9, 18, NULL, NULL, 1, '2020-11-20 02:56:40', '2020-07-14 04:21:50', 0, 19, 1, 1, 1),
(11, 'R17953', 'Audi', '{\"address\":\"Vijay Nagar\",\"category\":\"Automobile\",\"city\":\"Bhopal\",\"description\":\"Luxurious Car\",\"document\":\"[https://api.applatus.com/rah/api/api/uploads/b17990922e88fbdd3bc8f60d143acb38.jpg]\",\"fileds\":[{\"key\":\"Model\",\"value\":\"Q7 \"},{\"key\":\"Fuel Variant\",\"value\":\"Petrol\"},{\"key\":\"Mileage\",\"value\":\"10 km/ltr\"},{\"key\":\"Sitting Capacity\",\"value\":\"2\"},{\"key\":\"Baggage\",\"value\":\"Yes\"},{\"key\":\"Engine\",\"value\":\"1500 cc\"},{\"key\":\"Gear Type\",\"value\":\"Automatic\"}],\"images\":\"[https://api.applatus.com/rah/api/api/uploads/313081-img_1594722539653.jpg]\",\"min_booking_amount\":\"50\",\"mobile_no\":\"91111000000\",\"name\":\"Harsh Patel\",\"price\":\"50\",\"price_unit\":\"Day\",\"product_name\":\"Audi\",\"subcategory\":\"Car\"}', 6, 3, NULL, NULL, 1, '2020-07-14 04:38:19', '2020-07-14 04:38:19', 0, 18, 1, 0, 1),
(14, 'R10562', 'Harrier', '{\"address\":\"Vijay Nagar\",\"category\":\"Automobile\",\"city\":\"Indore\",\"description\":\"Premium and Luxurious Car\",\"document\":\"[https://api.applatus.com/rah/api/api/uploads/db402ff202bc7976bda9b603e9f4eb8d.jpg]\",\"fileds\":[{\"key\":\"Model\",\"value\":\"XZ\"},{\"key\":\"Fuel Variant\",\"value\":\"Deisel\"},{\"key\":\"Mileage\",\"value\":\"15\"},{\"key\":\"Sitting Capacity\",\"value\":\"4\"},{\"key\":\"Baggage\",\"value\":\"Yes\"},{\"key\":\"Engine\",\"value\":\"1700 cc\"},{\"key\":\"Gear Type\",\"value\":\"Automatic\"}],\"images\":\"[https://api.applatus.com/rah/api/api/uploads/176928-img_1594884665058.jpg]\",\"min_booking_amount\":\"30\",\"mobile_no\":\"9827400000\",\"name\":\"Neel\",\"price\":\"30\",\"price_unit\":\"Day\",\"product_name\":\"Harrier\",\"subcategory\":\"Car\"}', 6, 3, NULL, NULL, 0, '2020-07-16 01:35:16', '2020-07-16 01:35:16', 0, 43, 1, 0, 1),
(15, 'R75073', 'Yamaha', '{\"address\":\"Vijay nagar\",\"category\":\"Automobile\",\"city\":\"Indore\",\"description\":\"The Road Queen\",\"document\":\"[https://api.applatus.com/rah/api/api/uploads/4247830a9adaeecefe341230a24ddd71.jpg]\",\"fileds\":[{\"key\":\"Model\",\"value\":\"FZ\"},{\"key\":\"Mileage\",\"value\":\"60 Km/Litre\"},{\"key\":\"Fuel Variant\",\"value\":\"Petrol\"},{\"key\":\"Engine\",\"value\":\"150 cc\"},{\"key\":\"Gear\",\"value\":\"5\"}],\"images\":\"[https://api.applatus.com/rah/api/api/uploads/884649-img_1594885064573.jpg]\",\"min_booking_amount\":\"15\",\"mobile_no\":\"9827400000\",\"name\":\"Neel\",\"price\":\"15\",\"price_unit\":\"Hour\",\"product_name\":\"Yamaha\",\"subcategory\":\"Bike\"}', 6, 4, NULL, NULL, 0, '2020-07-16 01:40:04', '2020-07-16 01:40:04', 0, 43, 1, 0, 1),
(16, 'R50577', 'Villa', '{\"address\":\"Vijay Nagar\",\"category\":\"Real Estate\",\"city\":\"Indore\",\"description\":\"Luxurious Villa\",\"document\":\"[https://api.applatus.com/rah/api/api/uploads/03e534c1e64910185b2195659ce74324.jpg]\",\"fileds\":[{\"key\":\"Furnishing\",\"value\":\"Fully Furnished\"},{\"key\":\"Area\",\"value\":\"1500 Sq.Ft\"},{\"key\":\"BHK\",\"value\":\"4 BHK\"},{\"key\":\"Bathroom\",\"value\":\"4\"},{\"key\":\"Tenants Preferred\",\"value\":\"Family\"},{\"key\":\"Balcony\",\"value\":\"Yes\"},{\"key\":\"Location\",\"value\":\"Near High Court\"},{\"key\":\"Overlooking\",\"value\":\"No\"},{\"key\":\"Parking\",\"value\":\"Yes\"},{\"key\":\"Facing\",\"value\":\"Garden\"}],\"images\":\"[https://api.applatus.com/rah/api/api/uploads/821709-img_1594885242940.jpg]\",\"min_booking_amount\":\"600\",\"mobile_no\":\"9827400000\",\"name\":\"Neel\",\"price\":\"300\",\"price_unit\":\"Month\",\"product_name\":\"Villa\",\"subcategory\":\"House/Villa\"}', 8, 12, NULL, NULL, 1, '2020-07-16 01:45:09', '2020-07-16 01:45:09', 0, 43, 1, 0, 1),
(17, 'R79106', 'Toshiba', '{\"address\":\"Vijay Nagar\",\"category\":\"Electronics\",\"city\":\"Indore\",\"description\":\"Windows 10\",\"document\":\"[https://api.applatus.com/rah/api/api/uploads/d9634e4383dce82aa195a78f53dee6d7.jpg]\",\"fileds\":[{\"key\":\"Model\",\"value\":\"P-55\"},{\"key\":\"Processor\",\"value\":\"Intel Core i-7\"},{\"key\":\"Generation\",\"value\":\"7th Generation\"},{\"key\":\"RAM\",\"value\":\"8 GB\"},{\"key\":\"RAM Type\",\"value\":\"DDR2\"},{\"key\":\"Storage HDD\",\"value\":\"1 TB\"},{\"key\":\"Mouse\",\"value\":\"Yes\"},{\"key\":\"Keyboard\",\"value\":\"Yes\"},{\"key\":\"Touchscreen Support\",\"value\":\"No\"},{\"key\":\"Display Size\",\"value\":\"17.5 inch\"},{\"key\":\"Display Resolution\",\"value\":\"2100*1080\"},{\"key\":\"Display Type\",\"value\":\"LED\"},{\"key\":\"Web Camera\",\"value\":\"Yes\"}],\"images\":\"[https://api.applatus.com/rah/api/api/uploads/314441-img_1594885768876.jpg]\",\"min_booking_amount\":\"60\",\"mobile_no\":\"9827400000\",\"name\":\"Neel\",\"price\":\"30\",\"price_unit\":\"Month\",\"product_name\":\"Toshiba\",\"subcategory\":\"Desktop\"}', 7, 8, NULL, NULL, 0, '2020-07-16 01:54:51', '2020-07-16 01:54:51', 0, 43, 1, 0, 1),
(18, 'R16421', 'Stylish Chair', '{\"address\":\"Vijay Nagar\",\"category\":\"Furniture\",\"city\":\"Indore\",\"description\":\"Classy Chair\",\"document\":\"[https://api.applatus.com/rah/api/api/uploads/821434-img_1594888130917.jpg]\",\"fileds\":[{\"key\":\"Head Support\",\"value\":\"Head Support\"},{\"key\":\"Wheels\",\"value\":\"No Wheels\"},{\"key\":\"Seat Lock\",\"value\":\"No Lock\"},{\"key\":\"Swivel\",\"value\":\"Swivel\"},{\"key\":\"Armest\",\"value\":\"Armrest\"},{\"key\":\"Adjustable\",\"value\":\"Non Adjustable\"},{\"key\":\"Structure Material\",\"value\":\"Woden\"},{\"key\":\"Upholstery Material\",\"value\":\"Cotton\"},{\"key\":\"Dimensions (W*H)\",\"value\":\"3*4\"},{\"key\":\"Color\",\"value\":\"Blue and Wooden\"},{\"key\":\"Style\",\"value\":\"Classic\"},{\"key\":\"Suitable For\",\"value\":\"Single Person\"}],\"images\":\"[https://api.applatus.com/rah/api/api/uploads/821434-img_1594888130917.jpg]\",\"min_booking_amount\":\"25\",\"mobile_no\":\"+919827400000\",\"name\":\"Neel\",\"price\":\"5\",\"price_unit\":\"Hour\",\"product_name\":\"Stylish Chair\",\"subcategory\":\"Chairs\"}', 9, 18, NULL, NULL, 0, '2020-07-16 02:33:11', '2020-07-16 02:33:11', 1611395397, 43, 1, 1, 1),
(19, 'R02866', 'Harley Davidson', '{\"address\":\"Arera Colony\",\"category\":\"Automobile\",\"city\":\"Bhopal\",\"description\":\"The Dream Bike\",\"document\":\"[https://api.applatus.com/rah/api/api/uploads/2e60b166f7d972f6e53774dadbdfe103.jpg]\",\"fileds\":[{\"key\":\"Model\",\"value\":\"Street 750\"},{\"key\":\"Mileage\",\"value\":\"10 Km/Litre\"},{\"key\":\"Fuel Variant\",\"value\":\"Petrol\"},{\"key\":\"Engine\",\"value\":\"749 cc\"},{\"key\":\"Gear\",\"value\":\"Automatic\"}],\"images\":\"[https://api.applatus.com/rah/api/api/uploads/793919-img_1594888725241.jpg]\",\"min_booking_amount\":\"50\",\"mobile_no\":\"91110000073\",\"name\":\"Harsh\",\"price\":\"50\",\"price_unit\":\"Day\",\"product_name\":\"Harley Davidson\",\"subcategory\":\"Bike\"}', 6, 4, NULL, NULL, 1, '2020-07-16 02:47:42', '2020-07-16 02:47:42', 0, 18, 0, 0, 1),
(20, 'R01153', 'Lennovo', '{\"address\":\"Arera Colony\",\"category\":\"Electronics\",\"city\":\"Bhopal\",\"description\":\"Windows 8\",\"document\":\"[https://api.applatus.com/rah/api/api/uploads/9fb414bc6546478eec1d4b53eeb5ffd9.jpg]\",\"fileds\":[{\"key\":\"Model\",\"value\":\"C C120\"},{\"key\":\"Processor\",\"value\":\"Intel core i-3\"},{\"key\":\"Generation\",\"value\":\"3rd Generation\"},{\"key\":\"RAM\",\"value\":\"4 GB\"},{\"key\":\"RAM Type\",\"value\":\"DDR3\"},{\"key\":\"Storage HDD\",\"value\":\"600 GB\"},{\"key\":\"Mouse\",\"value\":\"Yes\"},{\"key\":\"Keyboard\",\"value\":\"Yes\"},{\"key\":\"Touchscreen Support\",\"value\":\"No\"},{\"key\":\"Display Size\",\"value\":\"17.5 inch\"},{\"key\":\"Display Resolution\",\"value\":\"2000*1080\"},{\"key\":\"Display Type\",\"value\":\"LED\"},{\"key\":\"Web Camera\",\"value\":\"No\"}],\"images\":\"[https://api.applatus.com/rah/api/api/uploads/630149-img_1594889378584.jpg]\",\"min_booking_amount\":\"50\",\"mobile_no\":\"91110000073\",\"name\":\"Harsh\",\"price\":\"22\",\"price_unit\":\"Month\",\"product_name\":\"Lennovo\",\"subcategory\":\"Desktop\"}', 7, 8, NULL, NULL, 0, '2020-07-16 02:55:42', '2020-07-16 02:55:42', 0, 18, 0, 0, 1),
(21, 'R22748', 'Villa', '{\"address\":\"Arera Colony\",\"category\":\"Real Estate\",\"city\":\"Bhopal\",\"description\":\"The Dream Palace\",\"document\":\"[https://api.applatus.com/rah/api/api/uploads/c9c2e8915e27074674e0749c94cc32c0.jpg]\",\"fileds\":[{\"key\":\"Furnishing\",\"value\":\"Yes\"},{\"key\":\"Area\",\"value\":\"2500 sq. ft\"},{\"key\":\"BHK\",\"value\":\"5 BHK with Swimming Pool\"},{\"key\":\"Bathroom\",\"value\":\"5\"},{\"key\":\"Tenants Preferred\",\"value\":\"Family or Female Tenants\"},{\"key\":\"Balcony\",\"value\":\"Yes\"},{\"key\":\"Location\",\"value\":\"Arera Hills\"},{\"key\":\"Overlooking\",\"value\":\"No\"},{\"key\":\"Parking\",\"value\":\"Yes\"},{\"key\":\"Facing\",\"value\":\"Mountain\"}],\"images\":\"[https://api.applatus.com/rah/api/api/uploads/359529-img_1594889779730.jpg]\",\"min_booking_amount\":\"1000\",\"mobile_no\":\"91110000073\",\"name\":\"Harsh\",\"price\":\"400\",\"price_unit\":\"Month\",\"product_name\":\"Villa\",\"subcategory\":\"House/Villa\"}', 8, 12, NULL, NULL, 0, '2020-07-16 02:59:57', '2020-07-16 02:59:57', 0, 150, 1, 0, 1),
(22, 'R64448', 'Chair', '{\"address\":\"Arera Colony\",\"category\":\"Furniture\",\"city\":\"Bhopal\",\"description\":\"A sober wooden item\",\"document\":\"[https://api.applatus.com/rah/api/api/uploads/1fa3cb862eda408d22c7706668d57dd0.jpg]\",\"fileds\":[{\"key\":\"Head Support\",\"value\":\"Yes\"},{\"key\":\"Wheels\",\"value\":\"No\"},{\"key\":\"Seat Lock\",\"value\":\"No\"},{\"key\":\"Swivel\",\"value\":\"No\"},{\"key\":\"Armest\",\"value\":\"No\"},{\"key\":\"Adjustable\",\"value\":\"No\"},{\"key\":\"Structure Material\",\"value\":\"Wooden\"},{\"key\":\"Upholstery Material\",\"value\":\"Wooden Chair\"},{\"key\":\"Dimensions (W*H)\",\"value\":\"3*2\"},{\"key\":\"Color\",\"value\":\"Chocolatee\"},{\"key\":\"Style\",\"value\":\"Simple\"},{\"key\":\"Suitable For\",\"value\":\"Living room\"}],\"images\":\"[https://api.applatus.com/rah/api/api/uploads/71907-img_1594890030278.jpg]\",\"min_booking_amount\":\"15\",\"mobile_no\":\"91110000073\",\"name\":\"Harsh\",\"price\":\"6\",\"price_unit\":\"Month\",\"product_name\":\"Chair\",\"subcategory\":\"Chair\"}', 9, 18, NULL, NULL, 1, '2020-07-16 03:06:10', '2020-07-16 03:06:10', 0, 18, 0, 0, 1),
(23, 'R57934', 'Suzuki Hayabusa', '{\"address\":\"Applatus\",\"category\":\"Automobile\",\"city\":\"Indore\",\"description\":\"The Racing Bike\",\"document\":\"[https://api.applatus.com/rah/api/api/uploads/ad53be48d5416c68d707c6b08c56a994.jpg]\",\"fileds\":[{\"key\":\"Model\",\"value\":\"GSX R-1000\"},{\"key\":\"Mileage\",\"value\":\"5 Km/Litte\"},{\"key\":\"Fuel Variant\",\"value\":\"Petrol\"},{\"key\":\"Engine\",\"value\":\"1340 cc\"},{\"key\":\"Gear\",\"value\":\"Automatic\"}],\"images\":\"[https://api.applatus.com/rah/api/api/uploads/980236-img_1594890808314.jpg]\",\"min_booking_amount\":\"100\",\"mobile_no\":\"00000801615\",\"name\":\"Joy\",\"price\":\"50\",\"price_unit\":\"Day\",\"product_name\":\"Suzuki Hayabusa\",\"subcategory\":\"Bike\"}', 6, 4, NULL, NULL, 0, '2020-07-16 03:18:04', '2020-07-16 03:18:04', 0, 45, 0, 0, 1),
(24, 'R05660', 'Mercedes', '{\"address\":\"Applatus\",\"category\":\"Automobile\",\"city\":\"Indore\",\"description\":\"Vintage Car\",\"document\":\"[https://api.applatus.com/rah/api/api/uploads/5e8290cbca14dd53b3654c142aabbcc4.jpg]\",\"fileds\":[{\"key\":\"Model\",\"value\":\"Benz\"},{\"key\":\"Fuel Variant\",\"value\":\"Petrol\"},{\"key\":\"Mileage\",\"value\":\"8 Km/Litre\"},{\"key\":\"Sitting Capacity\",\"value\":\"4\"},{\"key\":\"Baggage\",\"value\":\"Yes\"},{\"key\":\"Engine\",\"value\":\"3982 cc\"},{\"key\":\"Gear Type\",\"value\":\"Automatic\"}],\"images\":\"[https://api.applatus.com/rah/api/api/uploads/581708-img_1594891233990.jpg]\",\"min_booking_amount\":\"100\",\"mobile_no\":\"00000801615\",\"name\":\"Joy\",\"price\":\"100\",\"price_unit\":\"Day\",\"product_name\":\"Mercedes\",\"subcategory\":\"Car\"}', 6, 3, NULL, NULL, 0, '2020-07-16 03:24:22', '2020-07-16 03:24:22', 0, 45, 0, 0, 1),
(25, 'R30528', 'Villa', '{\"address\":\"Applatus\",\"category\":\"Real Estate\",\"city\":\"Indore\",\"description\":\"The Jungle House\",\"document\":\"[https://api.applatus.com/rah/api/api/uploads/f80cf32594c515369b0c7588e268180a.jpg]\",\"fileds\":[{\"key\":\"Furnishing\",\"value\":\"No\"},{\"key\":\"Area\",\"value\":\"2200 sq.ft.\"},{\"key\":\"BHK\",\"value\":\"4BHK\"},{\"key\":\"Bathroom\",\"value\":\"3\"},{\"key\":\"Tenants Preferred\",\"value\":\"Family\"},{\"key\":\"Balcony\",\"value\":\"Yes\"},{\"key\":\"Location\",\"value\":\"Forest\"},{\"key\":\"Overlooking\",\"value\":\"Yes\"},{\"key\":\"Parking\",\"value\":\"Yes\"},{\"key\":\"Facing\",\"value\":\"River\"}],\"images\":\"[https://api.applatus.com/rah/api/api/uploads/331004-img_1594891624494.jpg]\",\"min_booking_amount\":\"500\",\"mobile_no\":\"00000801615\",\"name\":\"Joy\",\"price\":\"375\",\"price_unit\":\"Month\",\"product_name\":\"Villa\",\"subcategory\":\"House/Villa\"}', 8, 12, NULL, NULL, 1, '2020-07-16 03:30:14', '2020-07-16 03:30:14', 0, 45, 0, 0, 1),
(26, 'R92269', 'Dell', '{\"address\":\"Applatud\",\"category\":\"Electronics\",\"city\":\"Indore\",\"description\":\"Windows 10\",\"document\":\"[https://api.applatus.com/rah/api/api/uploads/b50d96cd25772380d026fd0d9b417704.jpg]\",\"fileds\":[{\"key\":\"Model\",\"value\":\"D30\"},{\"key\":\"Processor\",\"value\":\"Intel i4\"},{\"key\":\"Generation\",\"value\":\"4th Gen.\"},{\"key\":\"RAM\",\"value\":\"6 Gb\"},{\"key\":\"RAM Type\",\"value\":\"DDR2\"},{\"key\":\"Storage HDD\",\"value\":\"1 TB\"},{\"key\":\"Mouse\",\"value\":\"Yes\"},{\"key\":\"Keyboard\",\"value\":\"Yes\"},{\"key\":\"Touchscreen Support\",\"value\":\"No\"},{\"key\":\"Display Size\",\"value\":\"21 inch\"},{\"key\":\"Display Resolution\",\"value\":\"1920*1080\"},{\"key\":\"Display Type\",\"value\":\"LED\"},{\"key\":\"Web Camera\",\"value\":\"No\"}],\"images\":\"[https://api.applatus.com/rah/api/api/uploads/455575-img_1594891853237.jpg]\",\"min_booking_amount\":\"50\",\"mobile_no\":\"00000801615\",\"name\":\"Joy\",\"price\":\"20\",\"price_unit\":\"Month\",\"product_name\":\"Dell\",\"subcategory\":\"Desktop\"}', 7, 8, NULL, NULL, 0, '2020-07-16 03:34:35', '2020-07-16 03:34:35', 0, 45, 0, 0, 1),
(94, 'R85132', 'Tattoo Artist', '{\"address\":\"Dewas\",\"category\":\"Services\",\"city\":\"Indore\",\"description\":\"Get the Best Tattoos @ Tattoo Empire\",\"document\":\"[https://api.applatus.com/rah/api/api/uploads/602173-2021-01-23-15:26:09.126287]\",\"fileds\":[{\"key\":\"Skills\",\"value\":\"Tattoo Works\"},{\"key\":\"Experience\",\"value\":\"3 yrs\"},{\"key\":\"Any References\",\"value\":\"NA\"},{\"key\":\"Reference Contact\",\"value\":\"NA\"}],\"images\":\"[https://api.applatus.com/rah/api/api/uploads/412888-2021-01-23-15:24:34.384037]\",\"min_booking_amount\":\"10\",\"mobile_no\":\"+919827400000\",\"name\":\"Neel\",\"price\":\"20\",\"price_unit\":\"Hour\",\"product_name\":\"Tattoo Artist\",\"subcategory\":\"Tattooer\"}', 10, 21, NULL, NULL, 0, '2021-01-23 02:57:09', '2021-01-23 02:57:09', 1611470338, 43, 1, 0, 1),
(95, 'R57633', 'Artist', '{\"address\":\"Dewas\",\"category\":\"Services\",\"city\":\"Indore\",\"description\":\"Best Services in city\",\"document\":\"[https://api.applatus.com/rah/api/api/uploads/799852-2021-01-23-15:31:31.582069]\",\"fileds\":[{\"key\":\"Skills\",\"value\":\"Fine Arts\"},{\"key\":\"Experience\",\"value\":\"10\"},{\"key\":\"Any References\",\"value\":\"Mr. ABC\"},{\"key\":\"Reference Contact\",\"value\":\"88888888\"}],\"images\":\"[https://api.applatus.com/rah/api/api/uploads/856736-2021-01-23-15:35:55.868465]\",\"min_booking_amount\":\"100\",\"mobile_no\":\"+919827400000\",\"name\":\"Neel\",\"price\":\"50\",\"price_unit\":\"Day\",\"product_name\":\"Artist\",\"subcategory\":\"Tattooer\"}', 10, 21, NULL, NULL, 0, '2021-01-23 03:02:07', '2021-01-23 03:02:07', 1611470070, 43, 1, 0, 1),
(96, 'R46936', 'Wooden Chair Classy', '{\"address\":\"Dewas\",\"category\":\"Furniture\",\"city\":\"Indore\",\"description\":\"Premium Chair for Living Room\",\"document\":\"[https://api.applatus.com/rah/api/api/uploads/425014-2021-01-23-15:58:25.102698]\",\"fileds\":[{\"key\":\"Suitable For\",\"value\":\"Living Room\"},{\"key\":\"Style\",\"value\":\"Classic\"},{\"key\":\"Color\",\"value\":\"Blue\"},{\"key\":\"Dimensions (W*H)\",\"value\":\"33*44\"},{\"key\":\"Armest\",\"value\":\"Yes\"},{\"key\":\"Adjustable\",\"value\":\"No\"},{\"key\":\"Structure Material\",\"value\":\"Wooden\"},{\"key\":\"Upholstery Material\",\"value\":\"Cotton\"},{\"key\":\"Swivel\",\"value\":\"No\"},{\"key\":\"Seat Lock\",\"value\":\"No\"},{\"key\":\"Wheels\",\"value\":\"No\"},{\"key\":\"Head Support\",\"value\":\"No\"}],\"images\":\"[https://api.applatus.com/rah/api/api/uploads/847777-2021-01-23-15:57:45.634790]\",\"min_booking_amount\":\"50\",\"mobile_no\":\"+919827400000\",\"name\":\"Neel\",\"price\":\"50\",\"price_unit\":\"Month\",\"product_name\":\"Wooden Chair Classy\",\"subcategory\":\"Chairs\"}', 9, 18, NULL, NULL, 0, '2021-01-23 03:29:20', '2021-01-23 03:29:20', 1611470245, 43, 1, 0, 1),
(97, 'R61419', 'hhh', '{\"address\":\"g\",\"category\":\"Services\",\"city\":\"Mau\",\"description\":\"h\",\"document\":\"[https://api.applatus.com/rah/api/api/uploads/966707-2021-01-25-20:12:21.581420]\",\"fileds\":[{\"key\":\"Skills\",\"value\":\"f\"},{\"key\":\"Experience\",\"value\":\"g\"},{\"key\":\"Any References\",\"value\":\"6\"},{\"key\":\"Reference Contact\",\"value\":\"g\"}],\"images\":\"[https://api.applatus.com/rah/api/api/uploads/284855-2021-01-25-20:11:39.615906]\",\"min_booking_amount\":\"5\",\"mobile_no\":\"+919827400000\",\"name\":\"n\",\"price\":\"5\",\"price_unit\":\"Hour\",\"product_name\":\"hhh\",\"subcategory\":\"Tattooer\"}', 10, 21, NULL, NULL, 0, '2021-01-25 07:42:44', '2021-01-25 07:42:44', 0, 43, 1, 1, 1),
(98, 'R72093', 'jjjj', '{\"address\":\"ddff 11\",\"category\":\"Deportes\",\"city\":\"River3\",\"description\":\"asddf\",\"document\":\"[https://api.applatus.com/rah/api/api/uploads/73cbd9e7da3581752529be24e18e693e.jpg]\",\"fileds\":[],\"images\":\"[https://api.applatus.com/rah/api/api/uploads/703100-img_1611606146718.jpg]\",\"min_booking_amount\":\"1\",\"mobile_no\":\"3571699329\",\"name\":\"j\",\"price\":\"200\",\"price_unit\":\"Hour\",\"product_name\":\"jjjj\",\"subcategory\":\"Futbol\"}', 27, 35, NULL, NULL, 0, '2021-01-25 13:24:05', '2021-01-25 13:24:05', 0, 600, 0, 1, 2),
(99, 'R15916', 'Квартирка', '{\"address\":\"аапап\",\"category\":\"Real Estate\",\"city\":\"Bandel\",\"description\":\"ппрпорро\",\"document\":\"[https://api.applatus.com/rah/api/api/uploads/32787-2021-01-26-11:15:47.599099]\",\"fileds\":[{\"key\":\"Floor\",\"value\":\"3\"},{\"key\":\"Furnishing\",\"value\":\"на\"},{\"key\":\"Area\",\"value\":\"55\"},{\"key\":\"BHK\",\"value\":\"\"},{\"key\":\"Bathroom\",\"value\":\"\"},{\"key\":\"Tenants Preferred\",\"value\":\"\"},{\"key\":\"Balcony\",\"value\":\"\"},{\"key\":\"Location\",\"value\":\"уфа\"},{\"key\":\"Overlooking\",\"value\":\"рр\"},{\"key\":\"Parking\",\"value\":\"\"},{\"key\":\"Facing\",\"value\":\"\"}],\"images\":\"[https://api.applatus.com/rah/api/api/uploads/200043-2021-01-26-11:13:57.050974]\",\"min_booking_amount\":\"1\",\"mobile_no\":\"+79174440034\",\"name\":\"Ден\",\"price\":\"50\",\"price_unit\":\"Hour\",\"product_name\":\"Квартирка\",\"subcategory\":\"Flat\"}', 8, 11, NULL, NULL, 0, '2021-01-25 23:16:14', '2021-01-25 23:16:14', 0, 603, 1, 0, 1),
(100, 'R27585', 'New Test', '{\"address\":\"Nairobi\",\"category\":\"Automobiles\",\"city\":\"mombasa\",\"description\":\"Jdjjjddj\",\"document\":\"[https://api.applatus.com/rah/api/api/uploads/92582756a93851be964ac924dc6b12c6.jpg]\",\"fileds\":[{\"key\":\"Model\",\"value\":\"test\"},{\"key\":\"Fuel \",\"value\":\"tshs\"},{\"key\":\"string\",\"value\":\"jsjsjs\"},{\"key\":\"Sitting Capacity\",\"value\":\"bsbsbbs\"},{\"key\":\"color\",\"value\":\"jsjsjjs\"},{\"key\":\"location\",\"value\":\"nsjjsjs\"},{\"key\":\"Gear\",\"value\":\"jsjsjjs\"}],\"images\":\"[https://api.applatus.com/rah/api/api/uploads/341728-img_1611732806991.jpg]\",\"min_booking_amount\":\"1\",\"mobile_no\":\"711401187\",\"name\":\"clidd\",\"price\":\"10\",\"price_unit\":\"Hour\",\"product_name\":\"New Test\",\"subcategory\":\"Car\"}', 6, 3, NULL, NULL, 0, '2021-01-27 00:35:50', '2021-01-27 00:35:50', 0, 607, 1, 0, 1),
(101, 'R94047', 'KBZ pay', '{\"address\":\"home addtess\",\"category\":\"Electronics\",\"city\":\"Bandel\",\"description\":\"thi is description\",\"document\":\"[https://api.applatus.com/rah/api/api/uploads/310012-2021-01-29-11:43:07.614160]\",\"fileds\":[{\"key\":\"Model\",\"value\":\"nothig\"},{\"key\":\"Processor\",\"value\":\"no need\"},{\"key\":\"Generation\",\"value\":\"no gen\"},{\"key\":\"RAM\",\"value\":\"no\"},{\"key\":\"RAM Type\",\"value\":\"\"},{\"key\":\"Storage HDD\",\"value\":\"\"},{\"key\":\"Mouse\",\"value\":\"\"},{\"key\":\"Keyboard\",\"value\":\"\"},{\"key\":\"Touchscreen Support\",\"value\":\"\"},{\"key\":\"Display Size\",\"value\":\"\"},{\"key\":\"Display Resolution\",\"value\":\"\"},{\"key\":\"Display Type\",\"value\":\"\"},{\"key\":\"Web Camera\",\"value\":\"\"}],\"images\":\"[https://api.applatus.com/rah/api/api/uploads/389626-2021-01-29-11:40:58.728468]\",\"min_booking_amount\":\"0\",\"mobile_no\":\"+959260360033\",\"name\":\"jonny\",\"price\":\"500\",\"price_unit\":\"Month\",\"product_name\":\"KBZ pay\",\"subcategory\":\"Desktop\"}', 7, 8, NULL, NULL, 0, '2021-01-28 22:14:53', '2021-01-28 22:14:53', 0, 617, 0, 0, 0),
(102, 'R50360', 'Leg', '{\"address\":\"411\",\"category\":\"Furniture\",\"city\":\"Accra\",\"description\":\"aaaa\",\"document\":\"[https://api.applatus.com/rah/api/api/uploads/195595-2021-02-05-11:10:50.317811]\",\"fileds\":[{\"key\":\"Bed Type\",\"value\":\"type\"},{\"key\":\"Bed Material\",\"value\":\"a\"},{\"key\":\"Storage\",\"value\":\"a\"},{\"key\":\"Bed Size\",\"value\":\"a\"},{\"key\":\"Dimensions (W*H*D)\",\"value\":\"a\"},{\"key\":\"Recommended Mattress Size\",\"value\":\"a\"},{\"key\":\"Color\",\"value\":\"a\"},{\"key\":\"With/Without Mattress\",\"value\":\"a\"},{\"key\":\"Weight\",\"value\":\"a\"}],\"images\":\"[https://api.applatus.com/rah/api/api/uploads/100651-2021-02-05-11:09:12.927061]\",\"min_booking_amount\":\"5\",\"mobile_no\":\"+917350922828\",\"name\":\"test user\",\"price\":\"12\",\"price_unit\":\"Day\",\"product_name\":\"Leg\",\"subcategory\":\"Bed\"}', 9, 16, NULL, NULL, 0, '2021-02-04 22:41:23', '2021-02-04 22:41:23', 0, 651, 0, 0, 0),
(103, 'R89134', 'prabhas', '{\"address\":\"pavula\",\"category\":\"Automobiles\",\"city\":\"Kolkata\",\"description\":\"perfect car perfect occasion\",\"document\":\"[https://api.applatus.com/rah/api/api/uploads/2830b28abca7d30768358a27fe72c7d6.jpg]\",\"fileds\":[{\"key\":\"Model\",\"value\":\"prbhas latesy\"},{\"key\":\"Fuel \",\"value\":\"40\"},{\"key\":\"string\",\"value\":\"good\"},{\"key\":\"Sitting Capacity\",\"value\":\"3\"},{\"key\":\"color\",\"value\":\"black\"},{\"key\":\"location\",\"value\":\"nad\"},{\"key\":\"Gear\",\"value\":\"6\"}],\"images\":\"[https://api.applatus.com/rah/api/api/uploads/402218-img_1612630381064.jpg]\",\"min_booking_amount\":\"900\",\"mobile_no\":\"9110326793\",\"name\":\"papa\",\"price\":\"90\",\"price_unit\":\"Hour\",\"product_name\":\"prabhas\",\"subcategory\":\"Car\"}', 6, 3, NULL, NULL, 0, '2021-02-06 09:56:07', '2021-02-06 09:56:07', 0, 510, 0, 0, 0),
(104, 'R61480', 'test ciao', '{\"address\":\"ciao\",\"category\":\"Automobiles\",\"city\":\"Hargeisa \",\"description\":\"ciao\",\"document\":\"[https://api.applatus.com/rah/api/api/uploads/631639-2021-02-12-20:36:40.567899]\",\"fileds\":[{\"key\":\"Model\",\"value\":\"ciao\"},{\"key\":\"Fuel \",\"value\":\"ciao\"},{\"key\":\"string\",\"value\":\"ciao\"},{\"key\":\"Sitting Capacity\",\"value\":\"ciao\"},{\"key\":\"color\",\"value\":\"ciao\"},{\"key\":\"location\",\"value\":\"ciao\"},{\"key\":\"Gear\",\"value\":\"ciao\"}],\"images\":\"[https://api.applatus.com/rah/api/api/uploads/161215-2021-02-12-20:34:33.330676]\",\"min_booking_amount\":\"121546656\",\"mobile_no\":\"+393518323114\",\"name\":\"ciao\",\"price\":\"1\",\"price_unit\":\"Hour\",\"product_name\":\"test ciao\",\"subcategory\":\"Car\"}', 6, 3, NULL, NULL, 0, '2021-02-12 12:37:50', '2021-02-12 12:37:50', 0, 690, 1, 1, 1),
(105, 'R98252', 'car', '{\"address\":\"ahajej\",\"category\":\"Automobiles\",\"city\":\"Santorini \",\"description\":\"y\",\"document\":\"[https://api.applatus.com/rah/api/api/uploads/9451-2021-02-17-18:17:24.158250]\",\"fileds\":[{\"key\":\"Model\",\"value\":\"x\"},{\"key\":\"Fuel \",\"value\":\"20\"},{\"key\":\"string\",\"value\":\"t\"},{\"key\":\"Sitting Capacity\",\"value\":\"5\"},{\"key\":\"color\",\"value\":\"vlack\"},{\"key\":\"location\",\"value\":\"vixag\"},{\"key\":\"Gear\",\"value\":\"4\"}],\"images\":\"[https://api.applatus.com/rah/api/api/uploads/170549-2021-02-17-18:16:36.988398]\",\"min_booking_amount\":\"100\",\"mobile_no\":\"+919110326793\",\"name\":\"ashish\",\"price\":\"10\",\"price_unit\":\"Hour\",\"product_name\":\"car\",\"subcategory\":\"Car\"}', 6, 3, NULL, NULL, 0, '2021-02-17 05:47:41', '2021-02-17 05:47:41', 0, 510, 0, 0, 0),
(106, 'R11448', 'App', '{\"address\":\"Vacoas\",\"category\":\"Electronics\",\"city\":\"mombasa\",\"description\":\"New\",\"document\":\"[https://api.applatus.com/rah/api/api/uploads/938580-2021-02-25-23:30:42.129670]\",\"fileds\":[{\"key\":\"Model\",\"value\":\"New\"},{\"key\":\"Processor\",\"value\":\"90\"},{\"key\":\"Generation\",\"value\":\"\"},{\"key\":\"RAM\",\"value\":\"\"},{\"key\":\"RAM Type\",\"value\":\"\"},{\"key\":\"Storage HDD\",\"value\":\"\"},{\"key\":\"Power Backup\",\"value\":\"\"},{\"key\":\"Operating System\",\"value\":\"\"},{\"key\":\"Touchscreen\",\"value\":\"\"},{\"key\":\"Screen Size\",\"value\":\"\"},{\"key\":\"Screen Resolution\",\"value\":\"\"},{\"key\":\"Screen Type\",\"value\":\"\"},{\"key\":\"Web Camera\",\"value\":\"\"}],\"images\":\"[https://api.applatus.com/rah/api/api/uploads/31762-2021-02-25-23:28:29.755164]\",\"min_booking_amount\":\"20\",\"mobile_no\":\"+23059120022\",\"name\":\"Ashish\",\"price\":\"20\",\"price_unit\":\"Day\",\"product_name\":\"App\",\"subcategory\":\"Laptop\"}', 7, 7, NULL, NULL, 0, '2021-02-25 12:31:03', '2021-02-25 12:31:03', 0, 714, 0, 0, 0),
(107, 'R81354', 'Pick up', '{\"address\":\"bole\",\"category\":\"Automobiles\",\"city\":\"EGYPT\",\"description\":\"test description\\nvery well maintained car\",\"document\":\"[https://api.applatus.com/rah/api/api/uploads/192a12add03294934725436b90cdbc16.jpg]\",\"fileds\":[{\"key\":\"Model\",\"value\":\"DME\"},{\"key\":\"Fuel Variant\",\"value\":\"r5\"},{\"key\":\"Mileage\",\"value\":\"500\"},{\"key\":\"Goods Capacity\",\"value\":\"yes\"},{\"key\":\"Engine\",\"value\":\"v8\"},{\"key\":\"Gear Type\",\"value\":\"manual\"}],\"images\":\"[https://api.applatus.com/rah/api/api/uploads/373949-img_1614390809200.jpg, https://api.applatus.com/rah/api/api/uploads/53440-img_1614390846225.jpg]\",\"min_booking_amount\":\"600\",\"mobile_no\":\"966245001\",\"name\":\"hanna\",\"price\":\"5000\",\"price_unit\":\"Hour\",\"product_name\":\"Pick up\",\"subcategory\":\"Truck\"}', 6, 6, NULL, NULL, 0, '2021-02-26 19:01:10', '2021-02-26 19:01:10', 0, 718, 0, 0, 0),
(108, 'R71562', 'mahíndra', '{\"address\":\"vizag\",\"category\":\"Automobiles\",\"city\":\"Bhopal\",\"description\":\"?\",\"document\":\"[https://api.applatus.com/rah/api/api/uploads/14605-2021-02-27-11:25:50.513307]\",\"fileds\":[{\"key\":\"Model\",\"value\":\"2019\"},{\"key\":\"Fuel \",\"value\":\"full\"},{\"key\":\"string\",\"value\":\"\"},{\"key\":\"Sitting Capacity\",\"value\":\"6\"},{\"key\":\"color\",\"value\":\"yellow\"},{\"key\":\"location\",\"value\":\"vizag\"},{\"key\":\"Gear\",\"value\":\"4\"}],\"images\":\"[https://api.applatus.com/rah/api/api/uploads/107822-2021-02-27-11:23:46.730858]\",\"min_booking_amount\":\"200\",\"mobile_no\":\"+917842813450\",\"name\":\"name\",\"price\":\"55\",\"price_unit\":\"Hour\",\"product_name\":\"mahíndra\",\"subcategory\":\"Car\"}', 6, 3, NULL, NULL, 0, '2021-02-26 22:57:05', '2021-02-26 22:57:05', 0, 727, 0, 0, 0),
(109, 'R70644', 'rent', '{\"address\":\"bilaspur\",\"category\":\"Real Estate\",\"city\":\"bhopal\",\"description\":\"ghu\",\"document\":\"[https://api.applatus.com/rah/api/api/uploads/339967-2021-03-04-23:49:09.873577]\",\"fileds\":[{\"key\":\"Floor\",\"value\":\"1\"},{\"key\":\"Furnishing\",\"value\":\"no\"},{\"key\":\"Area\",\"value\":\"129sqf\"},{\"key\":\"BHK\",\"value\":\"1\"},{\"key\":\"Bathroom\",\"value\":\"1\"},{\"key\":\"Tenants Preferred\",\"value\":\"1\"},{\"key\":\"Balcony\",\"value\":\"1\"},{\"key\":\"Location\",\"value\":\"1\"},{\"key\":\"Overlooking\",\"value\":\"q\"},{\"key\":\"Parking\",\"value\":\"1\"},{\"key\":\"Facing\",\"value\":\"\"}],\"images\":\"[https://api.applatus.com/rah/api/api/uploads/790685-2021-03-04-23:47:16.520148]\",\"min_booking_amount\":\"23\",\"mobile_no\":\"+918819088922\",\"name\":\"owner\",\"price\":\"22\",\"price_unit\":\"Month\",\"product_name\":\"rent\",\"subcategory\":\"Flat\"}', 8, 11, NULL, NULL, 0, '2021-03-04 11:19:42', '2021-03-04 11:19:42', 0, 758, 0, 0, 2),
(110, 'R29229', 'dimercato', '{\"address\":\"cairo\",\"category\":\"Automobiles\",\"city\":\"Cairo\",\"description\":\"Full option\",\"document\":\"[https://api.applatus.com/rah/api/api/uploads/354272-2021-03-06-21:05:59.665186]\",\"fileds\":[{\"key\":\"Model\",\"value\":\"2014\"},{\"key\":\"Fuel \",\"value\":\"95\"},{\"key\":\"string\",\"value\":\"4\"},{\"key\":\"Sitting Capacity\",\"value\":\"4\"},{\"key\":\"color\",\"value\":\"red\"},{\"key\":\"location\",\"value\":\"cairo\"},{\"key\":\"Gear\",\"value\":\"automatic\"}],\"images\":\"[https://api.applatus.com/rah/api/api/uploads/500150-2021-03-06-21:03:16.006966]\",\"min_booking_amount\":\"90\",\"mobile_no\":\"+201090663000\",\"name\":\"ms\",\"price\":\"100\",\"price_unit\":\"Day\",\"product_name\":\"dimercato\",\"subcategory\":\"Car\"}', 6, 3, NULL, NULL, 0, '2021-03-06 12:09:37', '2021-03-06 12:09:37', 0, 757, 1, 0, 1),
(111, 'R81101', 'New Product Test', '{ \"product_id\": \"1\", \"product_name\": \"R15\",\"category_name\": \"Automobile\",\"sub_category_name\": \"Bike\",\"mileage\": \"30 L\"}', 1, 1, NULL, NULL, 0, '2021-03-14 23:06:38', '2021-03-14 23:06:38', 0, 0, 0, 0, 0),
(112, 'R87126', 'HP New', '{\"address\":\"indore\",\"category\":\"Electronics\",\"city\":\"New York\",\"description\":\"new laptop\",\"document\":\"[https://api.applatus.com/rah/api/api/uploads/162138-2021-03-15-10:44:39.544364]\",\"fileds\":[{\"key\":\"Model\",\"value\":\"HP\"},{\"key\":\"Processor\",\"value\":\"Corei9\"},{\"key\":\"Generation\",\"value\":\"10\"},{\"key\":\"RAM\",\"value\":\"16\"},{\"key\":\"RAM Type\",\"value\":\"16\"},{\"key\":\"Storage HDD\",\"value\":\"1tb\"},{\"key\":\"Power Backup\",\"value\":\"12\"},{\"key\":\"Operating System\",\"value\":\"windows\"},{\"key\":\"Touchscreen\",\"value\":\"yes\"},{\"key\":\"Screen Size\",\"value\":\"1000\"},{\"key\":\"Screen Resolution\",\"value\":\"1900\"},{\"key\":\"Screen Type\",\"value\":\"lcd\"},{\"key\":\"Web Camera\",\"value\":\"yes\"}],\"images\":\"[https://api.applatus.com/rah/api/api/uploads/939490-2021-03-15-10:43:13.317645]\",\"min_booking_amount\":\"25\",\"mobile_no\":\"+9191111000000\",\"name\":\"Hp World\",\"price\":\"25\",\"price_unit\":\"Hour\",\"product_name\":\"HP New\",\"subcategory\":\"Laptop\"}', 7, 7, 'Electronics', 'Laptop', 0, '2021-03-14 23:13:00', '2021-03-14 23:13:00', 1615785573, 401, 1, 0, 1),
(113, 'R40731', 'Jersey Cubs', '{\"address\":\"trenro\",\"category\":\"Deportes\",\"city\":\"EGYPT\",\"description\":\"Jxjjduianbd\",\"document\":\"[https://api.applatus.com/rah/api/api/uploads/e21b4f36db489900bcf41a9f76af173d.jpg]\",\"fileds\":[],\"images\":\"[https://api.applatus.com/rah/api/api/uploads/390251-img_1615863788323.jpg]\",\"min_booking_amount\":\"1\",\"mobile_no\":\"6145694516\",\"name\":\"Aprende trading gratis\",\"price\":\"480\",\"price_unit\":\"Hour\",\"product_name\":\"Jersey Cubs\",\"subcategory\":\"Futbol\"}', 27, 35, 'Deportes', 'Futbol', 0, '2021-03-15 21:05:34', '2021-03-15 21:05:34', 0, 778, 0, 0, 0),
(114, 'R76823', 'Testing home', '{\"address\":\"Test address\",\"category\":\"Real Estate\",\"city\":\"New York\",\"description\":\"Testing description\",\"document\":\"[https://api.applatus.com/rah/api/api/uploads/7aedbe215b05abca68165e04fac6eadb.jpg]\",\"fileds\":[{\"key\":\"Floor\",\"value\":\"2\"},{\"key\":\"Furnishing\",\"value\":\"test\"},{\"key\":\"Area\",\"value\":\"100 sq meters\"},{\"key\":\"BHK\",\"value\":\"3\"},{\"key\":\"Bathroom\",\"value\":\"2\"},{\"key\":\"Tenants Preferred\",\"value\":\"Family\"},{\"key\":\"Balcony\",\"value\":\"2\"},{\"key\":\"Location\",\"value\":\"Test location\"},{\"key\":\"Overlooking\",\"value\":\"Sea view\"},{\"key\":\"Parking\",\"value\":\"1\"},{\"key\":\"Facing\",\"value\":\"test facing\"}],\"images\":\"[https://api.applatus.com/rah/api/api/uploads/8323-img_1615973590904.jpg, https://api.applatus.com/rah/api/api/uploads/240673-img_1615973639324.jpg]\",\"min_booking_amount\":\"20\",\"mobile_no\":\"59144165\",\"name\":\"KM\",\"price\":\"10\",\"price_unit\":\"Day\",\"product_name\":\"Testing home\",\"subcategory\":\"Apartment\"}', 8, 12, 'Real Estate', 'Apartment', 0, '2021-03-17 03:38:42', '2021-03-17 03:38:42', 0, 807, 1, 0, 1),
(115, 'R40451', 'sdfc', '{\"address\":\"ccfg\",\"category\":\"Services\",\"city\":\"mike6\",\"description\":\"Fdsdgfddccgrf\",\"document\":\"[https://api.applatus.com/rah/api/api/uploads/731e4526f2efd4d94ef195744cb5c8c3.jpg]\",\"fileds\":[{\"key\":\"Skills\",\"value\":\"hola \"},{\"key\":\"Experience\",\"value\":\"dxx\"},{\"key\":\"Any References\",\"value\":\"xdsfg\"},{\"key\":\"Reference Contact\",\"value\":\"xddcc\"}],\"images\":\"[https://api.applatus.com/rah/api/api/uploads/921135-img_1616104411524.jpg]\",\"min_booking_amount\":\"13\",\"mobile_no\":\"6145694516\",\"name\":\"ffcg\",\"price\":\"14\",\"price_unit\":\"Hour\",\"product_name\":\"sdfc\",\"subcategory\":\"Maid\"}', 10, 19, 'Services', 'Maid', 0, '2021-03-18 15:56:23', '2021-03-18 15:56:23', 0, 778, 0, 0, 0),
(116, 'R79154', 'test', '{\"address\":\"testtest\",\"category\":\"odii test\",\"city\":\"Kolkata\",\"description\":\"test\",\"document\":\"[https://api.applatus.com/rah/api/api/uploads/fd7efe7fd337fcb81b8ee4ffdc1a9261.jpg]\",\"fileds\":[{\"key\":\"test field\",\"value\":\"test\"}],\"images\":\"[https://api.applatus.com/rah/api/api/uploads/833003-img_1616250000471.jpg]\",\"min_booking_amount\":\"0\",\"mobile_no\":\"8200025820\",\"name\":\"test\",\"price\":\"0\",\"price_unit\":\"Hour\",\"product_name\":\"test\",\"subcategory\":\"odii test sub\"}', 31, 39, 'odii test', 'odii test sub', 0, '2021-03-20 08:24:17', '2021-03-20 08:24:17', 0, 814, 1, 0, 1);

-- --------------------------------------------------------

--
-- Table structure for table `rent`
--

CREATE TABLE `rent` (
  `id` int(11) NOT NULL,
  `user_id` int(11) NOT NULL,
  `product_id` int(11) NOT NULL,
  `price` int(11) NOT NULL,
  `description` text NOT NULL,
  `image` text NOT NULL,
  `status` int(11) NOT NULL DEFAULT '1' COMMENT '1=active ,0=deactive',
  `created_at` timestamp NOT NULL DEFAULT CURRENT_TIMESTAMP ON UPDATE CURRENT_TIMESTAMP
) ENGINE=InnoDB DEFAULT CHARSET=latin1;

--
-- Dumping data for table `rent`
--

INSERT INTO `rent` (`id`, `user_id`, `product_id`, `price`, `description`, `image`, `status`, `created_at`) VALUES
(4, 1, 2, 400, 'test product', 'assets/rent/1584093905.jpeg', 1, '2020-03-13 10:05:05'),
(5, 1, 7, 400, 'test product', 'assets/rent/1584093905.jpeg', 1, '2020-03-13 10:05:05');

-- --------------------------------------------------------

--
-- Table structure for table `rent_hire_history`
--

CREATE TABLE `rent_hire_history` (
  `id` int(11) NOT NULL,
  `order_id` varchar(255) CHARACTER SET latin1 COLLATE latin1_bin NOT NULL,
  `product_id` int(11) NOT NULL,
  `user_id` int(11) NOT NULL,
  `created_at` timestamp NOT NULL DEFAULT CURRENT_TIMESTAMP ON UPDATE CURRENT_TIMESTAMP,
  `updated_at` timestamp NOT NULL DEFAULT CURRENT_TIMESTAMP
) ENGINE=InnoDB DEFAULT CHARSET=utf8 COLLATE=utf8_unicode_ci;

-- --------------------------------------------------------

--
-- Table structure for table `request_review`
--

CREATE TABLE `request_review` (
  `id` int(11) NOT NULL,
  `product_id` int(11) NOT NULL,
  `receiver_user_id` int(11) NOT NULL,
  `created_at` datetime NOT NULL,
  `updated_at` datetime NOT NULL,
  `status` int(11) NOT NULL DEFAULT '1',
  `deleted` int(11) NOT NULL DEFAULT '0'
) ENGINE=MyISAM DEFAULT CHARSET=utf8 COLLATE=utf8_unicode_ci;

--
-- Dumping data for table `request_review`
--

INSERT INTO `request_review` (`id`, `product_id`, `receiver_user_id`, `created_at`, `updated_at`, `status`, `deleted`) VALUES
(1, 11, 1, '2020-07-01 01:21:26', '0000-00-00 00:00:00', 1, 0),
(2, 11, 1, '2020-07-01 01:22:10', '0000-00-00 00:00:00', 1, 0),
(3, 27, 73, '2020-07-17 04:46:21', '0000-00-00 00:00:00', 1, 0),
(4, 33, 238, '2020-08-21 12:19:38', '0000-00-00 00:00:00', 1, 0),
(5, 32, 238, '2020-08-21 12:27:03', '0000-00-00 00:00:00', 1, 0),
(6, 32, 238, '2020-08-21 12:28:33', '0000-00-00 00:00:00', 1, 0),
(7, 37, 261, '2020-08-31 07:06:24', '0000-00-00 00:00:00', 1, 0),
(8, 37, 261, '2020-08-31 09:30:03', '0000-00-00 00:00:00', 1, 0),
(9, 37, 261, '2020-08-31 11:41:06', '0000-00-00 00:00:00', 1, 0),
(10, 14, 47, '2020-09-01 01:11:54', '0000-00-00 00:00:00', 1, 0),
(11, 14, 214, '2020-09-01 01:12:01', '0000-00-00 00:00:00', 1, 0),
(12, 40, 262, '2020-09-05 12:22:03', '0000-00-00 00:00:00', 1, 0),
(13, 40, 262, '2020-09-05 12:22:06', '0000-00-00 00:00:00', 1, 0),
(14, 42, 281, '2020-09-06 03:33:22', '0000-00-00 00:00:00', 1, 0),
(15, 38, 259, '2020-09-07 08:13:25', '0000-00-00 00:00:00', 1, 0),
(16, 38, 259, '2020-09-07 08:13:55', '0000-00-00 00:00:00', 1, 0),
(17, 38, 259, '2020-09-07 08:14:00', '0000-00-00 00:00:00', 1, 0),
(18, 38, 259, '2020-09-07 08:15:09', '0000-00-00 00:00:00', 1, 0),
(19, 53, 373, '2020-11-07 06:40:05', '0000-00-00 00:00:00', 1, 0),
(20, 53, 373, '2020-11-07 06:40:18', '0000-00-00 00:00:00', 1, 0),
(21, 54, 382, '2020-11-07 07:21:05', '0000-00-00 00:00:00', 1, 0),
(22, 54, 382, '2020-11-07 07:21:10', '0000-00-00 00:00:00', 1, 0),
(23, 53, 384, '2020-11-08 07:55:29', '0000-00-00 00:00:00', 1, 0),
(24, 75, 259, '2020-12-04 03:08:02', '0000-00-00 00:00:00', 1, 0),
(25, 73, 278, '2020-12-07 12:33:38', '0000-00-00 00:00:00', 1, 0),
(26, 73, 278, '2020-12-07 12:33:48', '0000-00-00 00:00:00', 1, 0),
(27, 73, 278, '2020-12-07 01:20:36', '0000-00-00 00:00:00', 1, 0),
(28, 73, 278, '2020-12-07 05:09:58', '0000-00-00 00:00:00', 1, 0),
(29, 73, 278, '2020-12-07 05:09:59', '0000-00-00 00:00:00', 1, 0),
(30, 73, 278, '2020-12-07 05:10:27', '0000-00-00 00:00:00', 1, 0),
(31, 73, 278, '2020-12-10 09:24:53', '0000-00-00 00:00:00', 1, 0),
(32, 73, 278, '2020-12-15 01:02:09', '0000-00-00 00:00:00', 1, 0),
(33, 14, 47, '2020-12-15 12:51:32', '0000-00-00 00:00:00', 1, 0),
(34, 14, 47, '2020-12-22 02:31:44', '0000-00-00 00:00:00', 1, 0),
(35, 79, 452, '2020-12-22 03:53:42', '0000-00-00 00:00:00', 1, 0),
(36, 79, 415, '2020-12-22 03:53:45', '0000-00-00 00:00:00', 1, 0),
(37, 58, 418, '2020-12-23 04:51:21', '0000-00-00 00:00:00', 1, 0),
(38, 82, 415, '2020-12-24 03:45:08', '0000-00-00 00:00:00', 1, 0),
(39, 82, 415, '2020-12-24 03:45:09', '0000-00-00 00:00:00', 1, 0),
(40, 82, 415, '2020-12-24 03:45:14', '0000-00-00 00:00:00', 1, 0),
(41, 79, 43, '2020-12-25 11:07:27', '0000-00-00 00:00:00', 1, 0),
(42, 14, 401, '2020-12-25 11:10:10', '0000-00-00 00:00:00', 1, 0),
(43, 58, 418, '2020-12-26 03:45:40', '0000-00-00 00:00:00', 1, 0),
(44, 82, 415, '2020-12-26 03:45:53', '0000-00-00 00:00:00', 1, 0),
(45, 58, 418, '2020-12-31 07:41:53', '0000-00-00 00:00:00', 1, 0),
(46, 86, 445, '2021-01-02 06:46:42', '0000-00-00 00:00:00', 1, 0),
(47, 86, 445, '2021-01-02 06:46:48', '0000-00-00 00:00:00', 1, 0),
(48, 86, 445, '2021-01-02 06:46:51', '0000-00-00 00:00:00', 1, 0),
(49, 86, 483, '2021-01-02 08:08:16', '0000-00-00 00:00:00', 1, 0),
(50, 86, 483, '2021-01-02 08:08:21', '0000-00-00 00:00:00', 1, 0),
(51, 86, 445, '2021-01-02 08:08:23', '0000-00-00 00:00:00', 1, 0),
(52, 86, 483, '2021-01-02 08:09:44', '0000-00-00 00:00:00', 1, 0),
(53, 86, 445, '2021-01-02 08:09:47', '0000-00-00 00:00:00', 1, 0),
(54, 87, 485, '2021-01-02 09:09:33', '0000-00-00 00:00:00', 1, 0),
(55, 79, 306, '2021-01-05 07:21:29', '0000-00-00 00:00:00', 1, 0),
(56, 88, 494, '2021-01-06 07:17:18', '0000-00-00 00:00:00', 1, 0),
(57, 88, 494, '2021-01-06 07:17:23', '0000-00-00 00:00:00', 1, 0),
(58, 88, 494, '2021-01-06 07:43:33', '0000-00-00 00:00:00', 1, 0),
(59, 88, 494, '2021-01-06 07:43:39', '0000-00-00 00:00:00', 1, 0),
(60, 88, 494, '2021-01-06 07:43:44', '0000-00-00 00:00:00', 1, 0),
(61, 82, 415, '2021-01-06 08:02:38', '0000-00-00 00:00:00', 1, 0),
(62, 82, 415, '2021-01-06 08:02:45', '0000-00-00 00:00:00', 1, 0),
(63, 82, 415, '2021-01-06 08:02:49', '0000-00-00 00:00:00', 1, 0),
(64, 86, 445, '2021-01-07 01:13:01', '0000-00-00 00:00:00', 1, 0),
(65, 86, 445, '2021-01-07 01:13:04', '0000-00-00 00:00:00', 1, 0),
(66, 93, 558, '2021-01-23 03:42:41', '0000-00-00 00:00:00', 1, 0),
(67, 93, 558, '2021-01-23 03:42:45', '0000-00-00 00:00:00', 1, 0),
(68, 105, 690, '2021-02-17 07:56:12', '0000-00-00 00:00:00', 1, 0),
(69, 105, 690, '2021-02-17 07:56:16', '0000-00-00 00:00:00', 1, 0),
(70, 116, 814, '2021-03-20 09:38:23', '0000-00-00 00:00:00', 1, 0),
(71, 116, 814, '2021-03-20 09:38:29', '0000-00-00 00:00:00', 1, 0);

-- --------------------------------------------------------

--
-- Table structure for table `review`
--

CREATE TABLE `review` (
  `id` int(11) NOT NULL,
  `user_id` int(11) NOT NULL,
  `product_id` int(11) NOT NULL,
  `star` int(11) NOT NULL,
  `comment` varchar(255) CHARACTER SET utf8 NOT NULL,
  `created_at` datetime NOT NULL DEFAULT CURRENT_TIMESTAMP
) ENGINE=InnoDB DEFAULT CHARSET=latin1;

--
-- Dumping data for table `review`
--

INSERT INTO `review` (`id`, `user_id`, `product_id`, `star`, `comment`, `created_at`) VALUES
(1, 36, 10, 5, 'good', '2020-07-15 17:07:47'),
(2, 105, 23, 5, 'thx', '2020-07-19 07:44:37'),
(3, 168, 11, 5, 'Flow', '2020-08-01 16:18:10'),
(4, 186, 22, 5, 'test', '2020-08-06 16:31:16'),
(5, 186, 22, 3, 'ghjjmj', '2020-08-06 16:34:50'),
(6, 238, 33, 5, 'yyyyy', '2020-08-20 11:19:31'),
(7, 235, 24, 1, 'tt', '2020-08-20 11:27:29'),
(8, 238, 32, 5, 'ccccccccccccccccccc', '2020-08-20 11:29:32'),
(9, 261, 37, 5, 'good', '2020-08-31 08:31:14'),
(10, 254, 11, 3, 'ow', '2020-09-07 07:15:41'),
(11, 306, 11, 5, 'wing', '2020-09-25 20:52:18'),
(12, 320, 11, 4, 'do faje', '2020-09-28 05:44:10'),
(13, 306, 11, 2, 'dhrhjrtj', '2020-10-08 02:31:06'),
(14, 306, 11, 5, '565', '2020-10-08 02:44:38'),
(15, 306, 11, 0, 'h', '2020-10-08 04:49:39'),
(16, 306, 11, 3, 'testing review', '2020-10-08 05:00:43'),
(17, 306, 11, 1, 'testing review', '2020-10-08 05:01:53'),
(18, 306, 11, 1, 'sdsgssfsfsf', '2020-10-08 05:02:04'),
(19, 306, 11, 1, 'tester', '2020-10-08 05:03:04'),
(20, 306, 11, 5, 'tester', '2020-10-08 05:03:58'),
(21, 306, 11, 1, 'tester', '2020-10-08 05:04:54'),
(22, 306, 11, 4, 'fgdfgdgd', '2020-10-08 08:58:02'),
(23, 306, 42, 4, 'Testing review app', '2020-10-11 10:34:41'),
(24, 306, 11, 2, 'testing review', '2020-10-16 02:59:46'),
(25, 369, 20, 4, 'Great machine, thanks guy', '2020-11-03 00:34:58'),
(26, 373, 53, 5, 'gjjj', '2020-11-07 04:40:37'),
(27, 382, 28, 4, 'Хорошо', '2020-11-07 05:10:25'),
(28, 382, 54, 5, 'ye', '2020-11-07 05:21:49'),
(29, 306, 42, 4, 'don\'t like this product', '2020-11-18 09:02:41'),
(30, 306, 11, 5, 'its good to hear', '2020-11-18 10:39:01'),
(31, 306, 9, 5, 'testtt', '2020-11-26 05:09:53'),
(32, 418, 38, 5, 'Hello', '2020-11-28 00:48:08'),
(33, 418, 38, 4, 'yuu', '2020-11-28 20:16:41'),
(34, 259, 75, 5, 'Lovely', '2020-12-03 13:06:34'),
(35, 425, 46, 4, 'cvhb', '2020-12-08 08:51:25'),
(36, 452, 79, 5, 'k đó', '2020-12-16 04:52:21'),
(37, 306, 11, 5, 'dtdtxtxy', '2020-12-22 02:50:41'),
(38, 418, 58, 5, 'look good ? to me', '2020-12-23 02:51:50'),
(39, 43, 79, 5, 'fine', '2020-12-25 09:09:52'),
(40, 418, 80, 3, 'ththhth', '2021-01-04 10:16:44'),
(41, 306, 11, 5, 'great car. more power anc smooth drive', '2021-01-06 06:01:35'),
(42, 306, 11, 4, 'powerfull', '2021-01-06 06:01:52'),
(43, 510, 14, 5, 'nice but less mileage', '2021-01-22 12:43:28'),
(44, 510, 14, 1, 'worst', '2021-01-22 12:46:12'),
(45, 510, 14, 2, 'supe', '2021-01-22 13:05:49'),
(46, 510, 14, 2, 'worst', '2021-01-22 13:05:57'),
(47, 535, 19, 5, 'Good', '2021-01-24 12:57:23'),
(48, 581, 21, 4, 'gjiii', '2021-01-25 21:01:05'),
(49, 651, 9, 4, 'looks great', '2021-02-04 22:36:49'),
(50, 656, 21, 4, 'good', '2021-02-05 13:12:26'),
(51, 697, 19, 3, 'figa', '2021-03-09 06:18:49'),
(52, 766, 11, 4, 'uu7', '2021-03-10 05:14:43'),
(53, 766, 11, 4, 'uu7', '2021-03-10 05:14:47'),
(54, 779, 16, 5, 'very good', '2021-03-10 23:11:10'),
(55, 812, 11, 5, 'great', '2021-03-18 05:02:59'),
(56, 494, 19, 4, 'Great bike, powerful and stable at high speeds', '2021-03-19 22:49:30'),
(57, 814, 116, 5, 'best ever', '2021-03-20 08:38:52'),
(58, 819, 19, 4, 'hsa', '2021-03-21 14:57:18');

-- --------------------------------------------------------

--
-- Table structure for table `setting`
--

CREATE TABLE `setting` (
  `id` int(11) NOT NULL,
  `firebase_api_key` varchar(500) COLLATE utf8_unicode_ci NOT NULL,
  `stripe_api_key` varchar(500) COLLATE utf8_unicode_ci NOT NULL,
  `sendgrid_key` varchar(500) COLLATE utf8_unicode_ci NOT NULL,
  `sendgrid_email` varchar(500) COLLATE utf8_unicode_ci NOT NULL,
  `created_at` timestamp NOT NULL DEFAULT CURRENT_TIMESTAMP ON UPDATE CURRENT_TIMESTAMP,
  `updated_at` timestamp NOT NULL DEFAULT '0000-00-00 00:00:00'
) ENGINE=MyISAM DEFAULT CHARSET=utf8 COLLATE=utf8_unicode_ci;

--
-- Dumping data for table `setting`
--

INSERT INTO `setting` (`id`, `firebase_api_key`, `stripe_api_key`, `sendgrid_key`, `sendgrid_email`, `created_at`, `updated_at`) VALUES
(1, '******', '******', 'asdasd', 'test@gmail.com', '2021-02-22 18:58:19', '0000-00-00 00:00:00');

-- --------------------------------------------------------

--
-- Table structure for table `slider_image`
--

CREATE TABLE `slider_image` (
  `id` int(11) NOT NULL,
  `image` text COLLATE utf8_unicode_ci NOT NULL
) ENGINE=InnoDB DEFAULT CHARSET=utf8 COLLATE=utf8_unicode_ci;

-- --------------------------------------------------------

--
-- Table structure for table `subscription`
--

CREATE TABLE `subscription` (
  `id` int(11) NOT NULL,
  `title` varchar(255) COLLATE utf8_unicode_ci NOT NULL,
  `description` text COLLATE utf8_unicode_ci NOT NULL,
  `price` varchar(255) COLLATE utf8_unicode_ci NOT NULL,
  `start_date` varchar(255) COLLATE utf8_unicode_ci NOT NULL,
  `end_date` varchar(255) COLLATE utf8_unicode_ci NOT NULL,
  `type` varchar(155) COLLATE utf8_unicode_ci NOT NULL,
  `period` int(11) NOT NULL,
  `status` int(11) NOT NULL DEFAULT '1' COMMENT '1,active 0,inactive',
  `currency_type` varchar(30) COLLATE utf8_unicode_ci NOT NULL,
  `created_at` datetime NOT NULL ON UPDATE CURRENT_TIMESTAMP,
  `updated_at` datetime NOT NULL ON UPDATE CURRENT_TIMESTAMP,
  `deleted` int(11) NOT NULL DEFAULT '0'
) ENGINE=InnoDB DEFAULT CHARSET=utf8 COLLATE=utf8_unicode_ci;

--
-- Dumping data for table `subscription`
--

INSERT INTO `subscription` (`id`, `title`, `description`, `price`, `start_date`, `end_date`, `type`, `period`, `status`, `currency_type`, `created_at`, `updated_at`, `deleted`) VALUES
(1, 'Basic Plan', '', '15', '', '', 'normal', 0, 1, 'usd', '2020-09-07 02:42:19', '0000-00-00 00:00:00', 0),
(2, 'basic', '', '0.00', '', '', 'feature', 1, 1, 'usd', '2021-01-06 04:34:26', '0000-00-00 00:00:00', 0),
(3, 'Free', '', '0', '', '', 'normal', 3, 1, 'Select', '2021-03-06 13:05:31', '0000-00-00 00:00:00', 0),
(4, 'free', '', '0', '', '', 'normal', 6, 1, 'usd', '2021-03-11 11:25:06', '0000-00-00 00:00:00', 0),
(5, 'Week', '', '5', '', '', 'feature', 1, 1, 'usd', '2021-03-06 12:39:08', '0000-00-00 00:00:00', 0),
(6, 'month', '', '20', '', '', 'feature', 3, 1, 'usd', '2021-03-06 12:39:30', '0000-00-00 00:00:00', 0),
(8, '3 months', '', '50', '', '', 'feature', 4, 1, 'usd', '2021-03-06 12:39:51', '0000-00-00 00:00:00', 0),
(9, 'Y-APP', '', '35', '', '', 'normal', 3, 1, 'usd', '2021-03-21 13:34:10', '0000-00-00 00:00:00', 0),
(10, '1 week', '', '2', '', '', 'normal', 1, 1, 'usd', '0000-00-00 00:00:00', '0000-00-00 00:00:00', 0),
(11, '6 months', '', '100', '', '', 'feature', 5, 1, 'usd', '2021-03-06 12:40:11', '0000-00-00 00:00:00', 0),
(12, 'year', '', '12', '', '', 'feature', 6, 1, 'usd', '2021-03-06 12:40:25', '0000-00-00 00:00:00', 0),
(13, 'Bulanan', '', '500', '', '', 'normal', 3, 1, 'usd', '0000-00-00 00:00:00', '0000-00-00 00:00:00', 0),
(14, 'Best Plan', '', '0', '', '', 'feature', 6, 1, 'usd', '0000-00-00 00:00:00', '0000-00-00 00:00:00', 0),
(15, 'Week Unlimited', '', '0', '', '', 'normal', 1, 1, 'usd', '0000-00-00 00:00:00', '0000-00-00 00:00:00', 0);

-- --------------------------------------------------------

--
-- Table structure for table `subscription_period`
--

CREATE TABLE `subscription_period` (
  `id` int(11) NOT NULL,
  `period_title` varchar(255) COLLATE utf8_unicode_ci NOT NULL,
  `status` int(11) NOT NULL DEFAULT '1',
  `deleted` int(11) NOT NULL DEFAULT '0'
) ENGINE=MyISAM DEFAULT CHARSET=utf8 COLLATE=utf8_unicode_ci;

--
-- Dumping data for table `subscription_period`
--

INSERT INTO `subscription_period` (`id`, `period_title`, `status`, `deleted`) VALUES
(1, 'Week', 1, 0),
(2, 'Fortnight', 1, 0),
(3, 'Month', 1, 0),
(4, '3 Months', 1, 0),
(5, '6 Months', 1, 0),
(6, '1 Year', 1, 0);

-- --------------------------------------------------------

--
-- Table structure for table `sub_category`
--

CREATE TABLE `sub_category` (
  `id` int(11) NOT NULL,
  `category_id` int(11) NOT NULL,
  `name` varchar(255) COLLATE utf8_unicode_ci NOT NULL,
  `sub_cat_icon` varchar(255) COLLATE utf8_unicode_ci NOT NULL,
  `sub_cat_image` text COLLATE utf8_unicode_ci,
  `form_field` text COLLATE utf8_unicode_ci,
  `verification_required` int(11) DEFAULT '0',
  `status` int(11) DEFAULT '1',
  `created_at` int(20) NOT NULL,
  `updated_at` int(20) NOT NULL
) ENGINE=InnoDB DEFAULT CHARSET=utf8 COLLATE=utf8_unicode_ci;

--
-- Dumping data for table `sub_category`
--

INSERT INTO `sub_category` (`id`, `category_id`, `name`, `sub_cat_icon`, `sub_cat_image`, `form_field`, `verification_required`, `status`, `created_at`, `updated_at`) VALUES
(3, 6, 'Car', 'https://api.applatus.com/rah/api/uploads/subcategory/5f07036832862car.png', '', '[{\"lable\":\"Model\"},{\"lable\":\"Fuel \"},{\"lable\":\"string\"},{\"lable\":\"Sitting Capacity\"},{\"lable\":\"color\"},{\"lable\":\"location\"},{\"lable\":\"Gear\"}]', 1, 1, 1594102048, 1610539716),
(4, 6, 'Bike', 'https://api.applatus.com/rah/api/uploads/subcategory/5f070341e4463bike.png', '[{\"image\":\"https:\\/\\/api.applatus.com\\/rah\\/api\\/uploads\\/subcategory\\/1594102198.jpg\"},{\"image\":\"https:\\/\\/api.applatus.com\\/rah\\/api\\/uploads\\/subcategory\\/15941021981.jpg\"},{\"image\":\"https:\\/\\/api.applatus.com\\/rah\\/api\\/uploads\\/subcategory\\/15941021982.jpg\"}]', '[{\"lable\":\"Model\"},{\"lable\":\"Mileage\"},{\"lable\":\"Fuel Variant\"},{\"lable\":\"Engine\"},{\"lable\":\"Gear\"}]', 0, 1, 1594102313, 1594295107),
(5, 6, 'Bus', 'https://api.applatus.com/rah/api/uploads/subcategory/5f070354352d9bus.png', '[{\"image\":\"https:\\/\\/api.applatus.com\\/rah\\/api\\/uploads\\/subcategory\\/1594111345.jpg\"},{\"image\":\"https:\\/\\/api.applatus.com\\/rah\\/api\\/uploads\\/subcategory\\/15941113451.jpg\"},{\"image\":\"https:\\/\\/api.applatus.com\\/rah\\/api\\/uploads\\/subcategory\\/15941113452.jpg\"}]', '[{\"lable\":\"Model\"},{\"lable\":\"Mileage\"},{\"lable\":\"Fuel Variant\"},{\"lable\":\"Sitting Capacity\"},{\"lable\":\"Baggage\"},{\"lable\":\"Engine\"},{\"lable\":\"Gear Type\"}]', 0, 1, 1594102500, 1594295127),
(6, 6, 'Truck', 'https://api.applatus.com/rah/api/uploads/subcategory/5f0704a7f212ctruck.png', '[{\"image\":\"https:\\/\\/api.applatus.com\\/rah\\/api\\/uploads\\/subcategory\\/1594102558.jpg\"},{\"image\":\"https:\\/\\/api.applatus.com\\/rah\\/api\\/uploads\\/subcategory\\/15941025581.jpg\"}]', '[{\"lable\":\"Model\"},{\"lable\":\"Fuel Variant\"},{\"lable\":\"Mileage\"},{\"lable\":\"Goods Capacity\"},{\"lable\":\"Engine\"},{\"lable\":\"Gear Type\"}]', 0, 1, 1594102632, 1594295466),
(7, 7, 'Laptop', 'https://api.applatus.com/rah/api/uploads/subcategory/5f0703deb79e1laptop.png', '[{\"image\":\"https:\\/\\/api.applatus.com\\/rah\\/api\\/uploads\\/subcategory\\/1594102718.jpg\"},{\"image\":\"https:\\/\\/api.applatus.com\\/rah\\/api\\/uploads\\/subcategory\\/1594102727.jpg\"}]', '[{\"lable\":\"Model\"},{\"lable\":\"Processor\"},{\"lable\":\"Generation\"},{\"lable\":\"RAM\"},{\"lable\":\"RAM Type\"},{\"lable\":\"Storage HDD\"},{\"lable\":\"Power Backup\"},{\"lable\":\"Operating System\"},{\"lable\":\"Touchscreen\"},{\"lable\":\"Screen Size\"},{\"lable\":\"Screen Resolution\"},{\"lable\":\"Screen Type\"},{\"lable\":\"Web Camera\"}]', 0, 1, 1594102907, 1594295264),
(8, 7, 'Desktop', 'https://api.applatus.com/rah/api/uploads/subcategory/5f07039ab1bd7desktop.png', '[{\"image\":\"https:\\/\\/api.applatus.com\\/rah\\/api\\/uploads\\/subcategory\\/1594102953.jpg\"},{\"image\":\"https:\\/\\/api.applatus.com\\/rah\\/api\\/uploads\\/subcategory\\/15941029531.jpg\"}]', '[{\"lable\":\"Model\"},{\"lable\":\"Processor\"},{\"lable\":\"Generation\"},{\"lable\":\"RAM\"},{\"lable\":\"RAM Type\"},{\"lable\":\"Storage HDD\"},{\"lable\":\"Mouse\"},{\"lable\":\"Keyboard\"},{\"lable\":\"Touchscreen Support\"},{\"lable\":\"Display Size\"},{\"lable\":\"Display Resolution\"},{\"lable\":\"Display Type\"},{\"lable\":\"Web Camera\"}]', 0, 1, 1594103053, 1594295196),
(9, 7, 'Television', 'https://api.applatus.com/rah/api/uploads/subcategory/5f07049362f6btelevision.png', '[{\"image\":\"https:\\/\\/api.applatus.com\\/rah\\/api\\/uploads\\/subcategory\\/1594103095.jpg\"},{\"image\":\"https:\\/\\/api.applatus.com\\/rah\\/api\\/uploads\\/subcategory\\/15941030951.jpg\"}]', '[{\"lable\":\"Model\"},{\"lable\":\"Display Size\"},{\"lable\":\"Display Type\"},{\"lable\":\"HD Technology\"},{\"lable\":\"3D\"},{\"lable\":\"Smart TV\"},{\"lable\":\"Curve TV\"},{\"lable\":\"Touch Screen\"},{\"lable\":\"Built in Wifi\"},{\"lable\":\"HDMI\"},{\"lable\":\"USB\"},{\"lable\":\"Supported Apps\"},{\"lable\":\"Operating System\"},{\"lable\":\"Screen Mirroring\"},{\"lable\":\"Bluetooth\"},{\"lable\":\"Speakers\"},{\"lable\":\"Speaker Output RMS\"}]', 0, 1, 1594103228, 1594295445),
(10, 7, 'Speakers', 'https://api.applatus.com/rah/api/uploads/subcategory/5f07046eef357speaker.png', '[{\"image\":\"https:\\/\\/api.applatus.com\\/rah\\/api\\/uploads\\/subcategory\\/1594103274.jpg\"},{\"image\":\"https:\\/\\/api.applatus.com\\/rah\\/api\\/uploads\\/subcategory\\/15941032741.jpg\"}]', '[{\"lable\":\"Model\"},{\"lable\":\"Type\"},{\"lable\":\"Portable\"},{\"lable\":\"Bluetooth\"},{\"lable\":\"Wired\\/Wireless\"},{\"lable\":\"Headphone Jack\"},{\"lable\":\"Configuration\"},{\"lable\":\"Compatible Devices\"},{\"lable\":\"Audio Features\"},{\"lable\":\"Other Details\"},{\"lable\":\"Satellite Dimensions\"},{\"lable\":\"Sub Woofer Dimensions\"}]', 0, 1, 1594103374, 1594295408),
(11, 8, 'Flat%', 'https://api.applatus.com/rah/api/uploads/subcategory/5f0703afa8a4dflat.png', '[{\"image\":\"https:\\/\\/api.applatus.com\\/rah\\/api\\/uploads\\/subcategory\\/1594103501.jpg\"},{\"image\":\"https:\\/\\/api.applatus.com\\/rah\\/api\\/uploads\\/subcategory\\/15941035011.jpg\"},{\"image\":\"https:\\/\\/api.applatus.com\\/rah\\/api\\/uploads\\/subcategory\\/15941035012.jpg\"}]', '[{\"lable\":\"Floor\"},{\"lable\":\"Area\"},{\"lable\":\"Bedroom\"},{\"lable\":\"Bathroom\"},{\"lable\":\"Tenants Preferred\"},{\"lable\":\"Balcony\"},{\"lable\":\"Location\"},{\"lable\":\"Overlooking\"},{\"lable\":\"Parking\"},{\"lable\":\"Facing\"},{\"lable\":\"new\"}]', 0, 1, 1594103603, 1615975859),
(12, 8, 'Apartment', 'https://api.applatus.com/rah/api/uploads/subcategory/600befb348608house.png', '[{\"image\":\"https:\\/\\/api.applatus.com\\/rah\\/api\\/uploads\\/subcategory\\/1594103501.jpg\"},{\"image\":\"https:\\/\\/api.applatus.com\\/rah\\/api\\/uploads\\/subcategory\\/15941035011.jpg\"},{\"image\":\"https:\\/\\/api.applatus.com\\/rah\\/api\\/uploads\\/subcategory\\/15941035012.jpg\"}]', '[{\"lable\":\"Floor\"},{\"lable\":\"Furnishing\"},{\"lable\":\"Area\"},{\"lable\":\"BHK\"},{\"lable\":\"Bathroom\"},{\"lable\":\"Tenants Preferred\"},{\"lable\":\"Balcony\"},{\"lable\":\"Location\"},{\"lable\":\"Overlooking\"},{\"lable\":\"Parking\"},{\"lable\":\"Facing\"}]', 0, 1, 0, 1611394998),
(13, 8, 'PG Homes', 'https://api.applatus.com/rah/api/uploads/subcategory/5f07040fdab68pg.png', '[{\"image\":\"https:\\/\\/api.applatus.com\\/rah\\/api\\/uploads\\/subcategory\\/1594103848.jpg\"},{\"image\":\"https:\\/\\/api.applatus.com\\/rah\\/api\\/uploads\\/subcategory\\/15941038481.jpg\"},{\"image\":\"https:\\/\\/api.applatus.com\\/rah\\/api\\/uploads\\/subcategory\\/15941038482.jpg\"}]', '[{\"lable\":\"Sharing\"},{\"lable\":\"Area\"},{\"lable\":\"Attached Bathroom\"},{\"lable\":\"Wifi\"},{\"lable\":\"AC\"},{\"lable\":\"Food\"},{\"lable\":\"Power Backup\"},{\"lable\":\"Room Cleaning\"},{\"lable\":\"Attached Washroom\"},{\"lable\":\"Preferred\"},{\"lable\":\"Location\"}]', 0, 1, 1594103950, 1594295315),
(14, 8, 'Office', 'https://api.applatus.com/rah/api/uploads/subcategory/5f07040485616office.png', '[{\"image\":\"https:\\/\\/api.applatus.com\\/rah\\/api\\/uploads\\/subcategory\\/1594111306.jpg\"},{\"image\":\"https:\\/\\/api.applatus.com\\/rah\\/api\\/uploads\\/subcategory\\/15941113061.jpg\"},{\"image\":\"https:\\/\\/api.applatus.com\\/rah\\/api\\/uploads\\/subcategory\\/15941113062.jpg\"}]', '[{\"lable\":\"Carpet Area\"},{\"lable\":\"Floor\"},{\"lable\":\"Furnishing\"},{\"lable\":\"Cabins\"},{\"lable\":\"Sitting Capacity\"},{\"lable\":\"Washroom\"},{\"lable\":\"Location\"},{\"lable\":\"Parking\"},{\"lable\":\"Security\"},{\"lable\":\"Facing\"}]', 0, 1, 1594104158, 1594295301),
(15, 9, 'Sofa', 'https://api.applatus.com/rah/api/uploads/subcategory/5f07045626f7dsofa.png', '[{\"image\":\"https:\\/\\/api.applatus.com\\/rah\\/api\\/uploads\\/subcategory\\/1594104304.jpg\"},{\"image\":\"https:\\/\\/api.applatus.com\\/rah\\/api\\/uploads\\/subcategory\\/15941043041.jpg\"}]', '[{\"lable\":\"Sitting Capacity\"},{\"lable\":\"Sofa Type\"},{\"lable\":\"Material\"},{\"lable\":\"Style\"},{\"lable\":\"Shape\"},{\"lable\":\"Filling Material\"},{\"lable\":\"Upholstery Material\"},{\"lable\":\"Color\"},{\"lable\":\"Width\"},{\"lable\":\"Height\"},{\"lable\":\"Depth\"},{\"lable\":\"Weight\"},{\"lable\":\"Seat Height\"}]', 0, 1, 1594104612, 1594295383),
(16, 9, 'Bed', 'https://api.applatus.com/rah/api/uploads/subcategory/5f07032c95fa7bed.png', '[{\"image\":\"https:\\/\\/api.applatus.com\\/rah\\/api\\/uploads\\/subcategory\\/1594104662.jpg\"},{\"image\":\"https:\\/\\/api.applatus.com\\/rah\\/api\\/uploads\\/subcategory\\/15941046621.jpg\"}]', '[{\"lable\":\"Bed Type\"},{\"lable\":\"Bed Material\"},{\"lable\":\"Storage\"},{\"lable\":\"Bed Size\"},{\"lable\":\"Dimensions (W*H*D)\"},{\"lable\":\"Recommended Mattress Size\"},{\"lable\":\"Color\"},{\"lable\":\"With\\/Without Mattress\"},{\"lable\":\"Weight\"}]', 0, 1, 1594104887, 1594295086),
(17, 9, 'Table', 'https://api.applatus.com/rah/api/uploads/subcategory/5f07047dbf9ectable.png', '[{\"image\":\"https:\\/\\/api.applatus.com\\/rah\\/api\\/uploads\\/subcategory\\/1594104927.jpg\"},{\"image\":\"https:\\/\\/api.applatus.com\\/rah\\/api\\/uploads\\/subcategory\\/15941049271.jpg\"}]', '[{\"lable\":\"Table Type\"},{\"lable\":\"Structure Material\"},{\"lable\":\"Table Top Material\"},{\"lable\":\"Color\"},{\"lable\":\"Dimensions (W*H*D)\"},{\"lable\":\"Table Shape\"},{\"lable\":\"Storage\"},{\"lable\":\"Shelves\"},{\"lable\":\"Drawers\"}]', 0, 1, 1594105089, 1594295424),
(18, 9, 'Chairs', 'https://api.applatus.com/rah/api/uploads/subcategory/5f070385f0bd5chair.png', '[{\"image\":\"https:\\/\\/api.applatus.com\\/rah\\/api\\/uploads\\/subcategory\\/1594105138.jpg\"},{\"image\":\"https:\\/\\/api.applatus.com\\/rah\\/api\\/uploads\\/subcategory\\/15941051381.jpg\"}]', '[{\"lable\":\"Suitable For\"},{\"lable\":\"Style\"},{\"lable\":\"Color\"},{\"lable\":\"Dimensions (W*H)\"},{\"lable\":\"Armest\"},{\"lable\":\"Adjustable\"},{\"lable\":\"Structure Material\"},{\"lable\":\"Upholstery Material\"},{\"lable\":\"Swivel\"},{\"lable\":\"Seat Lock\"},{\"lable\":\"Wheels\"},{\"lable\":\"Head Support\"}]', 0, 1, 1594105348, 1611397075),
(19, 10, 'Maid', 'https://api.applatus.com/rah/api/uploads/subcategory/5f0703f0b61b2maid.png', '[{\"image\":\"https:\\/\\/api.applatus.com\\/rah\\/api\\/uploads\\/subcategory\\/1594111278.jpg\"},{\"image\":\"https:\\/\\/api.applatus.com\\/rah\\/api\\/uploads\\/subcategory\\/15941112781.jpg\"},{\"image\":\"https:\\/\\/api.applatus.com\\/rah\\/api\\/uploads\\/subcategory\\/15941112782.jpg\"}]', '[{\"lable\":\"Skills\"},{\"lable\":\"Experience\"},{\"lable\":\"Any References\"},{\"lable\":\"Reference Contact\"}]', 0, 1, 1594105745, 1594295282),
(20, 10, 'Carpenter', 'https://api.applatus.com/rah/api/uploads/subcategory/5f070373832e9carpenter.png', '[{\"image\":\"https:\\/\\/api.applatus.com\\/rah\\/api\\/uploads\\/subcategory\\/1594105812.jpg\"},{\"image\":\"https:\\/\\/api.applatus.com\\/rah\\/api\\/uploads\\/subcategory\\/15941058121.jpg\"}]', '[{\"lable\":\"Skills\"},{\"lable\":\"Experience\"},{\"lable\":\"Any References\"},{\"lable\":\"Reference Contact\"}]', 0, 1, 1594105838, 1594295159),
(21, 10, 'Tattooer', 'https://api.applatus.com/rah/api/uploads/subcategory/5f07042d171edtatooer.png', '[{\"image\":\"https:\\/\\/api.applatus.com\\/rah\\/api\\/uploads\\/subcategory\\/1594111257.jpg\"},{\"image\":\"https:\\/\\/api.applatus.com\\/rah\\/api\\/uploads\\/subcategory\\/15941112571.jpg\"},{\"image\":\"https:\\/\\/api.applatus.com\\/rah\\/api\\/uploads\\/subcategory\\/15941112572.jpg\"}]', '[{\"lable\":\"Skills\"},{\"lable\":\"Experience\"},{\"lable\":\"Any References\"},{\"lable\":\"Reference Contact\"}]', 0, 1, 1594105904, 1594295343),
(22, 10, 'Plumber', 'http://localhost/rental/rentors/uploads/subcategory/https://api.applatus.com/rah/api/uploads/subcategory/5f07043bc00b9plumber.png', '[{\"image\":\"http:\\/\\/localhost\\/rental\\/rentors\\/uploads\\/subcategory\\/https:\\/\\/api.applatus.com\\/rah\\/api\\/uploads\\/subcategory\\/1594105954.jpg\"},{\"image\":\"http:\\/\\/localhost\\/rental\\/rentors\\/uploads\\/subcategory\\/https:\\/\\/api.applatus.com\\/rah\\/api\\/uploads\\/subcategory\\/15941059541.jpg\"}]', '[{\"lable\":\"Skills\"},{\"lable\":\"Experience\"},{\"lable\":\"Any References\"},{\"lable\":\"Reference Contact\"}]', 0, 1, 1594105988, 1595010988),
(34, 26, 'Petak', 'https://api.applatus.com/rah/api/uploads/subcategory/', '', '[]', 0, 0, 1611502399, 1611502399),
(35, 27, 'Futbol', 'https://api.applatus.com/rah/api/uploads/subcategory/', '', '[]', 0, 0, 1611605556, 1611605556),
(36, 28, 'Wedding Gowns', 'https://api.applatus.com/rah/api/uploads/subcategory/6011c39375b26floravere wedding dress 2.jpg', '[{\"image\":\"https:\\/\\/api.applatus.com\\/rah\\/api\\/uploads\\/subcategory\\/1611776889.jpg\"}]', '[]', 0, 0, 1611777023, 1611777023),
(37, 7, 'Camera Lenses', 'https://api.applatus.com/rah/api/uploads/subcategory/', '', '[{\"lable\":\"Colour\"},{\"lable\":\"Make\"},{\"lable\":\"Model\"},{\"lable\":\"Aperture\"},{\"lable\":\"Focal length\"},{\"lable\":\"Depth of Field\"},{\"lable\":\"weight\"},{\"lable\":\"compatibility\"},{\"lable\":\"Zoom Range\"}]', 1, 1, 1613223870, 1613223870),
(38, 6, 'sample set sub', 'https://api.applatus.com/rah/api/uploads/subcategory/', '', '[]', 0, 1, 1614607524, 1614607524),
(39, 31, 'odii test sub', 'https://api.applatus.com/rah/api/uploads/subcategory/', '', '[{\"lable\":\"test field\"}]', 0, 1, 1616249757, 1616249945),
(40, 32, 'Swimming Pool Villas', 'https://api.applatus.com/rah/api/uploads/subcategory/60583d83953f961929.png', '', '[]', 0, NULL, 1616395730, 1616395730),
(41, 32, 'Swimming Pool Villas', 'https://api.applatus.com/rah/api/uploads/subcategory/60583d83953f961929.png', '', '[]', 0, NULL, 1616395734, 1616395734),
(42, 32, 'Swimming Pool Villas', 'https://api.applatus.com/rah/api/uploads/subcategory/60583d83953f961929.png', '[{\"image\":\"https:\\/\\/api.applatus.com\\/rah\\/api\\/uploads\\/subcategory\\/1616395677.jpg\"}]', '[{\"lable\":\"Floor\"},{\"lable\":\"Room\"}]', 0, 1, 1616395739, 1616395739),
(43, 32, 'Swimming Pool Villas', 'https://api.applatus.com/rah/api/uploads/subcategory/60583d83953f961929.png', '[{\"image\":\"https:\\/\\/api.applatus.com\\/rah\\/api\\/uploads\\/subcategory\\/1616395677.jpg\"}]', '[{\"lable\":\"Floor\"},{\"lable\":\"Room\"}]', 0, 1, 1616395744, 1616395744);

-- --------------------------------------------------------

--
-- Table structure for table `sub_cat_form_fields`
--

CREATE TABLE `sub_cat_form_fields` (
  `id` int(11) NOT NULL,
  `sub_cat_id` int(11) NOT NULL,
  `form_field` varchar(255) COLLATE utf8_unicode_ci NOT NULL,
  `created_at` datetime NOT NULL,
  `updated_at` datetime NOT NULL
) ENGINE=InnoDB DEFAULT CHARSET=utf8 COLLATE=utf8_unicode_ci;

-- --------------------------------------------------------

--
-- Table structure for table `users`
--

CREATE TABLE `users` (
  `id` int(11) NOT NULL,
  `email` varchar(255) DEFAULT NULL,
  `password` varchar(255) DEFAULT NULL,
  `name` varchar(255) DEFAULT NULL,
  `last_login` datetime NOT NULL DEFAULT CURRENT_TIMESTAMP,
  `device_token` text,
  `created_at` datetime NOT NULL DEFAULT CURRENT_TIMESTAMP,
  `updated_at` datetime NOT NULL DEFAULT CURRENT_TIMESTAMP ON UPDATE CURRENT_TIMESTAMP,
  `status` int(11) NOT NULL DEFAULT '1',
  `email_verified` int(11) NOT NULL DEFAULT '0' COMMENT 'o : not verified'
) ENGINE=InnoDB DEFAULT CHARSET=utf8;

--
-- Dumping data for table `users`
--

INSERT INTO `users` (`id`, `email`, `password`, `name`, `last_login`, `device_token`, `created_at`, `updated_at`, `status`, `email_verified`) VALUES
(835, 'test@test.com', '$6$rounds=5042$605b65dc4de151.8$iftnJFvp.gZCFsrVqgTXPvusSBhTri6iN27rpqyhFUC3yZ5KclFFsoCbz5uHX0rc2W8fyUrgW0bmAjnajn.nI/', 'Test Acc', '2021-03-24 23:16:59', 'cJ2jxexKSCWuRe6k3wheGg:APA91bHELPjc4Ju7ayAgv34WeeqVDHILdcPRb1khOM2oTbTvNakN6U-Dr2jZEmFmiNq4GlYFjEDcUHeUXAGIdCvhAx6aPM7TkKq38cOH8MoWF998yqtL_bsKa6dFGx9w_O4tKm-093hP', '2021-03-24 10:16:28', '2021-03-24 10:17:42', 1, 0);

-- --------------------------------------------------------

--
-- Table structure for table `users_authentication`
--

CREATE TABLE `users_authentication` (
  `id` int(11) NOT NULL,
  `users_id` int(11) NOT NULL,
  `token` varchar(255) NOT NULL,
  `expired_at` datetime NOT NULL DEFAULT CURRENT_TIMESTAMP,
  `created_at` datetime NOT NULL DEFAULT CURRENT_TIMESTAMP,
  `updated_at` datetime NOT NULL DEFAULT CURRENT_TIMESTAMP
) ENGINE=InnoDB DEFAULT CHARSET=utf8;

--
-- Dumping data for table `users_authentication`
--

INSERT INTO `users_authentication` (`id`, `users_id`, `token`, `expired_at`, `created_at`, `updated_at`) VALUES
(1, 834, '$6$rounds=5042$60585b81dcd418.9$8Nx4A/WXU.WYPuKxFPHODx.aUDta1tZWSAWo9pdwVFtWCN65b/LqW38tx2ltwk60jUypFUF.c/pt8ztTIm67B0', '2021-03-23 03:55:31', '2021-03-22 02:55:29', '2021-03-22 15:55:31'),
(2, 835, '$6$rounds=5042$605b65fb8acdb7.8$hGTENRSp5tnsxzT5bdrEgnzvP1k7w81xp5txeVLiIXU1KvGZar3nUTCNu7BvbYs4XHclRb2dBNI8LerEjiKCT1', '2021-03-25 11:17:43', '2021-03-24 10:16:59', '2021-03-24 23:17:43');

-- --------------------------------------------------------

--
-- Table structure for table `user_complaint`
--

CREATE TABLE `user_complaint` (
  `id` int(11) NOT NULL,
  `title` varchar(255) COLLATE utf8_unicode_ci NOT NULL DEFAULT 'NA',
  `user_id` int(11) NOT NULL,
  `complaint` text COLLATE utf8_unicode_ci NOT NULL,
  `created_at` datetime NOT NULL DEFAULT CURRENT_TIMESTAMP
) ENGINE=MyISAM DEFAULT CHARSET=utf8 COLLATE=utf8_unicode_ci;

--
-- Dumping data for table `user_complaint`
--

INSERT INTO `user_complaint` (`id`, `title`, `user_id`, `complaint`, `created_at`) VALUES
(1, 'test', 111, 'Complaint  test', '0000-00-00 00:00:00'),
(2, '', 0, 'hello bhai hello  bhai', '0000-00-00 00:00:00'),
(3, '', 0, 'hello bhai hello  bhai', '0000-00-00 00:00:00'),
(4, '', 0, 'applications', '0000-00-00 00:00:00'),
(5, 'test', 1, 'Complaint  test', '0000-00-00 00:00:00'),
(6, '', 0, 'mppp', '0000-00-00 00:00:00'),
(7, '', 0, '7777', '0000-00-00 00:00:00'),
(8, 'NA', 0, 'worst app', '0000-00-00 00:00:00'),
(9, 'NA', 0, 'why loading all time', '0000-00-00 00:00:00'),
(10, 'test', 1, 'Complaint  test', '0000-00-00 00:00:00'),
(11, 'sfsfsf', 306, 'ssfsf', '0000-00-00 00:00:00'),
(12, 'adding message here', 306, 'sfsjfhjahf he shfkj hjhsfh lad kj', '0000-00-00 00:00:00'),
(13, 'SFSU sfhjsf jshf sf jsfs', 306, 'sfsfjjajhsfj h sjhfajks fkskh f', '0000-00-00 00:00:00'),
(14, 'adjust 	fish sjfhjfs	jaggy sfs	has fhsf', 306, 'Afghan asfhsf asfh 	Fahd such	 hsdfhjsfs		h Afghanistan fjhsjfh	ugh Afghanistan jfsfhs f shut hiweui 	uiguisudi	I 	g out using	a gauge SFSU’s	 s fsgusuf9r9wre', '0000-00-00 00:00:00'),
(15, 'sfhjsf', 306, 'sfhsjdfjks f', '0000-00-00 00:00:00'),
(16, 'NA', 0, 'yyy', '0000-00-00 00:00:00'),
(17, 'sfsf', 306, 'sfsfsf', '0000-00-00 00:00:00'),
(18, 'tester', 306, 'tester', '0000-00-00 00:00:00'),
(19, 'hrhru', 306, 'jfjjf', '0000-00-00 00:00:00'),
(20, 'tetuf', 306, 'hrhfhf', '0000-00-00 00:00:00'),
(21, 'e', 278, 'fhfhfhfh', '0000-00-00 00:00:00'),
(22, 'compaint 1', 651, 'complaint', '0000-00-00 00:00:00'),
(23, 'test', 681, 'testing', '0000-00-00 00:00:00');

-- --------------------------------------------------------

--
-- Table structure for table `user_profile`
--

CREATE TABLE `user_profile` (
  `id` int(11) NOT NULL,
  `user_id` int(11) NOT NULL,
  `type` int(11) NOT NULL DEFAULT '1' COMMENT '1 for normal, 2 for fb, 3 for gplus',
  `profile_pic` varchar(250) CHARACTER SET utf8 NOT NULL DEFAULT 'NA',
  `name` varchar(250) CHARACTER SET utf8 NOT NULL DEFAULT 'NA',
  `last_name` varchar(250) CHARACTER SET utf8 NOT NULL DEFAULT 'NA',
  `mobile` varchar(20) CHARACTER SET utf8 NOT NULL DEFAULT 'NA',
  `country_code` varchar(20) CHARACTER SET utf8 NOT NULL DEFAULT '91',
  `address` varchar(500) CHARACTER SET utf8 NOT NULL DEFAULT 'NA',
  `created_at` int(20) NOT NULL DEFAULT '0',
  `updated_at` int(20) NOT NULL DEFAULT '0'
) ENGINE=InnoDB DEFAULT CHARSET=utf8 COLLATE=utf8_unicode_ci;

--
-- Dumping data for table `user_profile`
--

INSERT INTO `user_profile` (`id`, `user_id`, `type`, `profile_pic`, `name`, `last_name`, `mobile`, `country_code`, `address`, `created_at`, `updated_at`) VALUES
(847, 835, 1, 'NA', 'Test Acc', '', 'NA', '+91', 'NA', 1616602588, 1616602588);

-- --------------------------------------------------------

--
-- Table structure for table `user_subscription`
--

CREATE TABLE `user_subscription` (
  `id` int(11) NOT NULL,
  `user_id` int(11) NOT NULL,
  `plan_id` int(11) NOT NULL,
  `details` text COLLATE utf8_unicode_ci,
  `start_date` timestamp NOT NULL DEFAULT CURRENT_TIMESTAMP,
  `expiry_date` timestamp NOT NULL DEFAULT '0000-00-00 00:00:00',
  `status` int(11) NOT NULL DEFAULT '1' COMMENT '1'
) ENGINE=MyISAM DEFAULT CHARSET=utf8 COLLATE=utf8_unicode_ci;

--
-- Dumping data for table `user_subscription`
--

INSERT INTO `user_subscription` (`id`, `user_id`, `plan_id`, `details`, `start_date`, `expiry_date`, `status`) VALUES
(1, 3, 1, '{\r\n  \"amount\": 300,\r\n  \"canceledAt\": 0,\r\n  \"captureMethod\": \"automatic\",\r\n  \"clientSecret\": \"pi_1H0qeuJcjbNSgRrvNjmMDnN1_secret_LXr2miDRd5CAQTkxuJ9DqG8FB\",\r\n  \"confirmationMethod\": \"automatic\",\r\n  \"created\": 1593789516,\r\n  \"currency\": \"usd\",\r\n  \"id\": \"pi_1H0qeuJcjbNSgRrvNjmMDnN1\",\r\n  \"isLiveMode\": false,\r\n  \"objectType\": \"payment_intent\",\r\n  \"paymentMethodTypes\": [\r\n    \"card\"\r\n  ],\r\n  \"status\": \"Succeeded\"\r\n}', '2020-07-04 04:18:57', '2020-07-13 15:18:57', 1),
(2, 125, 1, 'kdfg', '2020-07-04 04:23:07', '2020-07-03 15:23:07', 1),
(3, 1, 1, 'kdfg', '2020-07-04 04:23:20', '2020-07-03 15:23:20', 1),
(4, 1, 1, '', '2020-07-04 06:55:16', '2020-07-03 17:55:17', 1),
(5, 1, 1, 'kdfg', '2020-07-04 07:11:20', '2020-07-11 07:11:20', 1),
(6, 1, 1, '', '2020-07-04 07:12:03', '2020-07-11 07:12:03', 1),
(7, 1, 1, '', '2020-07-04 08:28:59', '2020-07-11 08:28:59', 1),
(8, 1, 1, '', '2020-07-04 08:29:09', '2020-07-11 08:29:09', 1),
(9, 1, 1, '', '2020-07-06 19:54:14', '2020-07-13 19:54:14', 1),
(10, 1, 1, '', '2020-07-06 19:56:16', '2020-07-13 19:56:16', 1),
(11, 10, 1, '', '2020-07-06 19:58:09', '2020-07-13 19:58:09', 1),
(12, 10, 1, '', '2020-07-06 20:00:39', '2020-07-13 20:00:39', 1),
(13, 40, 3, 'pay_FUGfR8rMomKqeq', '2020-08-24 05:20:10', '2020-11-24 06:20:10', 1),
(14, 40, 3, 'pay_FUH6IBFaxag5Su', '2020-08-24 05:45:33', '2020-11-24 06:45:33', 1),
(15, 40, 3, 'pay_FUHIQa5aQNBKpv', '2020-08-24 05:57:05', '2020-11-24 06:57:05', 1),
(16, 40, 3, 'pay_FUa18n7YlA1s4e', '2020-08-25 00:15:53', '2020-11-25 01:15:53', 1),
(17, 295, 9, '{\n  \"amount\": 3500,\n  \"canceledAt\": 0,\n  \"captureMethod\": \"automatic\",\n  \"clientSecret\": \"pi_1HPtPpJcjbNSgRrvU9sYksNU_secret_vpqto1Gsy2mfGlT5PDRBt2FTA\",\n  \"confirmationMethod\": \"automatic\",\n  \"created\": 1599758313,\n  \"currency\": \"usd\",\n  \"id\": \"pi_1HPtPpJcjbNSgRrvU9sYksNU\",\n  \"isLiveMode\": false,\n  \"objectType\": \"payment_intent\",\n  \"paymentMethodTypes\": [\n    \"card\"\n  ],\n  \"status\": \"Succeeded\"\n}', '2020-09-11 06:25:53', '2020-10-11 06:25:53', 1),
(18, 10, 2, '', '2020-11-20 09:49:27', '2020-11-27 09:49:27', 0),
(19, 418, 10, 'Instance of \'PaymentIntentResult\'', '2020-12-05 08:15:28', '2020-12-12 08:15:28', 1),
(20, 418, 9, '{paymentIntentId: pi_1HuipvJcjbNSgRrvj6roHc5T, status: succeeded}', '2020-12-05 08:17:01', '2021-01-05 08:17:01', 1),
(21, 418, 3, 'pay_G93hgVzZDZSvbM', '2020-12-05 08:18:16', '2021-12-05 08:18:16', 1),
(22, 418, 9, 'Instance of \'ChargeResponseData\'', '2020-12-05 08:20:31', '2021-01-05 08:20:31', 1),
(23, 418, 10, '{paymentIntentId: pi_1HuizMJcjbNSgRrv6My4fYvB, status: succeeded}', '2020-12-05 08:26:45', '2020-12-12 08:26:45', 1),
(24, 418, 10, '{paymentIntentId: pi_1Huj5eJcjbNSgRrvhR500ctz, status: succeeded}', '2020-12-05 08:33:16', '2020-12-12 08:33:16', 1),
(25, 418, 10, '{paymentIntentId: pi_1Huj7cJcjbNSgRrvDSddWMJj, status: succeeded}', '2020-12-05 08:35:17', '2020-12-12 08:35:17', 1),
(26, 306, 2, '{paymentIntentId: pi_1I0pgTJcjbNSgRrvhs1WZnt7, status: succeeded, paymentMethodId: pm_1I0pgXJcjbNSgRrvWboKFzh3}', '2020-12-22 04:48:51', '2020-12-29 04:48:51', 1),
(27, 306, 2, '{paymentIntentId: pi_1I0pgiJcjbNSgRrvpyshgJMO, status: succeeded, paymentMethodId: pm_1I0pglJcjbNSgRrv8G5rD25q}', '2020-12-22 04:48:55', '2020-12-29 04:48:55', 1),
(28, 306, 10, '{paymentIntentId: pi_1I4OoIJcjbNSgRrvIB82AuvM, status: succeeded, paymentMethodId: pm_1I4OoKJcjbNSgRrvpQLuXSqj}', '2021-01-01 00:55:21', '2021-01-08 00:55:21', 1),
(29, 516, 9, '{paymentIntentId: pi_1IC5szJcjbNSgRrvR3PPELVo, status: succeeded, paymentMethodId: pm_1IC5t0JcjbNSgRrvBEpvCnlX}', '2021-01-22 06:19:57', '2021-02-22 06:19:57', 1);

-- --------------------------------------------------------

--
-- Table structure for table `wish_list`
--

CREATE TABLE `wish_list` (
  `id` int(11) NOT NULL,
  `user_id` int(11) NOT NULL,
  `product_id` int(11) NOT NULL,
  `status` int(11) NOT NULL DEFAULT '1',
  `created_at` datetime NOT NULL DEFAULT CURRENT_TIMESTAMP
) ENGINE=InnoDB DEFAULT CHARSET=latin1;

--
-- Dumping data for table `wish_list`
--

INSERT INTO `wish_list` (`id`, `user_id`, `product_id`, `status`, `created_at`) VALUES
(9, 13, 4, 1, '2020-07-04 13:04:49'),
(10, 13, 3, 1, '2020-07-04 13:04:54'),
(12, 17, 8, 1, '2020-07-10 08:41:03'),
(13, 26, 11, 1, '2020-07-15 11:27:23'),
(14, 36, 9, 1, '2020-07-15 17:13:42'),
(15, 88, 27, 1, '2020-07-17 16:53:54'),
(16, 90, 21, 1, '2020-07-18 06:20:11'),
(18, 95, 22, 1, '2020-07-18 10:29:15'),
(19, 42, 16, 1, '2020-07-19 11:13:38'),
(20, 115, 15, 1, '2020-07-20 14:09:31'),
(22, 144, 11, 1, '2020-07-27 10:18:53'),
(25, 189, 25, 1, '2020-08-07 09:03:19'),
(26, 205, 14, 1, '2020-08-10 11:18:13'),
(27, 208, 24, 1, '2020-08-11 14:39:03'),
(28, 216, 16, 1, '2020-08-13 06:48:36'),
(29, 216, 20, 1, '2020-08-13 06:50:25'),
(30, 90, 17, 1, '2020-08-17 06:37:40'),
(31, 238, 33, 1, '2020-08-20 11:29:10'),
(32, 240, 25, 1, '2020-08-20 17:13:28'),
(33, 252, 15, 1, '2020-08-25 19:04:13'),
(34, 259, 23, 1, '2020-08-30 03:40:30'),
(35, 259, 23, 1, '2020-08-30 04:02:55'),
(36, 259, 19, 1, '2020-08-30 04:03:00'),
(37, 259, 26, 1, '2020-08-30 04:04:42'),
(38, 259, 22, 1, '2020-08-30 06:48:57'),
(39, 261, 37, 1, '2020-08-31 09:44:45'),
(41, 262, 34, 1, '2020-09-01 05:36:36'),
(42, 262, 40, 1, '2020-09-01 05:47:57'),
(44, 280, 16, 1, '2020-09-06 01:07:09'),
(46, 280, 43, 1, '2020-09-06 02:34:26'),
(48, 291, 11, 1, '2020-09-09 09:40:22'),
(49, 259, 11, 1, '2020-09-16 03:59:06'),
(52, 258, 22, 1, '2020-09-21 03:12:28'),
(59, 317, 33, 1, '2020-09-27 06:50:30'),
(60, 320, 11, 1, '2020-09-28 05:43:06'),
(61, 321, 26, 1, '2020-10-01 03:42:55'),
(63, 306, 0, 1, '2020-10-10 23:54:08'),
(64, 306, 0, 1, '2020-10-10 23:55:15'),
(65, 306, 0, 1, '2020-10-10 23:55:51'),
(66, 306, 0, 1, '2020-10-10 23:56:52'),
(67, 306, 0, 1, '2020-10-10 23:58:11'),
(68, 306, 0, 1, '2020-10-11 00:00:07'),
(69, 306, 0, 1, '2020-10-11 00:00:37'),
(75, 306, 0, 1, '2020-10-11 00:23:41'),
(85, 306, 44, 1, '2020-10-11 00:48:30'),
(96, 353, 33, 1, '2020-10-19 09:22:49'),
(99, 353, 11, 1, '2020-10-21 09:20:53'),
(100, 373, 28, 1, '2020-10-25 08:22:44'),
(101, 369, 38, 1, '2020-11-01 13:48:15'),
(102, 369, 30, 1, '2020-11-01 13:48:20'),
(103, 369, 20, 1, '2020-11-03 00:22:56'),
(104, 369, 52, 1, '2020-11-03 04:40:15'),
(105, 373, 19, 1, '2020-11-05 04:21:30'),
(106, 373, 19, 1, '2020-11-05 04:21:49'),
(107, 373, 16, 1, '2020-11-07 02:39:45'),
(108, 384, 53, 1, '2020-11-07 17:45:05'),
(109, 389, 11, 1, '2020-11-12 05:24:40'),
(111, 306, 29, 1, '2020-11-18 10:38:19'),
(116, 430, 11, 1, '2020-12-03 12:54:58'),
(117, 430, 14, 1, '2020-12-03 12:55:03'),
(118, 259, 75, 1, '2020-12-03 13:04:42'),
(119, 430, 76, 1, '2020-12-03 13:16:43'),
(120, 43, 11, 1, '2020-12-04 06:06:29'),
(123, 418, 0, 1, '2020-12-09 03:51:56'),
(124, 418, 0, 1, '2020-12-09 04:04:39'),
(126, 453, 0, 1, '2020-12-16 08:15:52'),
(127, 306, 25, 1, '2020-12-21 03:48:36'),
(128, 306, 0, 1, '2020-12-21 07:54:58'),
(129, 415, 0, 1, '2020-12-22 00:56:39'),
(130, 485, 43, 1, '2021-01-03 03:27:31'),
(131, 418, 0, 1, '2021-01-05 03:24:05'),
(132, 418, 0, 1, '2021-01-05 03:32:57'),
(133, 306, 0, 1, '2021-01-05 09:53:37'),
(134, 373, 80, 1, '2021-01-06 04:34:19'),
(135, 494, 11, 1, '2021-01-06 05:05:55'),
(136, 494, 88, 1, '2021-01-06 05:37:41'),
(139, 278, 0, 1, '2021-01-11 12:05:59'),
(140, 278, 0, 1, '2021-01-11 12:06:08'),
(141, 418, 0, 1, '2021-01-12 10:20:46'),
(142, 306, 0, 1, '2021-01-14 01:42:38'),
(143, 415, 0, 1, '2021-01-14 02:37:54'),
(144, 415, 0, 1, '2021-01-14 02:37:57'),
(145, 401, 0, 1, '2021-01-14 07:01:08'),
(146, 401, 58, 1, '2021-01-14 07:01:25'),
(147, 401, 0, 1, '2021-01-14 07:01:41'),
(153, 306, 0, 1, '2021-01-14 22:57:58'),
(154, 306, 0, 1, '2021-01-14 22:58:00'),
(155, 306, 0, 1, '2021-01-14 22:58:02'),
(156, 306, 85, 1, '2021-01-14 23:27:17'),
(161, 418, 87, 1, '2021-01-15 07:39:31'),
(162, 418, 11, 1, '2021-01-15 07:45:27'),
(163, 433, 27, 1, '2021-01-16 12:13:50'),
(164, 401, 23, 1, '2021-01-17 11:11:44'),
(166, 521, 20, 1, '2021-01-21 10:14:19'),
(167, 530, 55, 1, '2021-01-21 15:07:29'),
(168, 525, 31, 1, '2021-01-21 15:25:05'),
(169, 525, 31, 1, '2021-01-21 15:25:08'),
(170, 547, 23, 1, '2021-01-22 06:13:42'),
(171, 547, 19, 1, '2021-01-22 06:13:45'),
(173, 510, 14, 1, '2021-01-22 13:06:54'),
(174, 598, 21, 1, '2021-01-25 05:40:21'),
(175, 607, 11, 1, '2021-01-27 00:32:26'),
(176, 607, 19, 1, '2021-01-27 00:32:32'),
(177, 627, 99, 1, '2021-01-31 01:50:47'),
(178, 306, 24, 1, '2021-01-31 06:39:47'),
(179, 656, 22, 1, '2021-02-04 18:25:18'),
(181, 660, 24, 1, '2021-02-05 03:20:45'),
(182, 656, 94, 1, '2021-02-05 03:51:10'),
(183, 669, 11, 1, '2021-02-09 14:44:50'),
(184, 670, 11, 1, '2021-02-09 17:30:07'),
(185, 630, 17, 1, '2021-02-10 19:05:43'),
(186, 680, 95, 1, '2021-02-11 12:56:34'),
(189, 681, 14, 1, '2021-02-14 18:12:30'),
(190, 486, 94, 1, '2021-02-16 19:33:58'),
(191, 695, 23, 1, '2021-02-17 21:10:13'),
(192, 21, 26, 1, '2021-02-23 04:40:04'),
(193, 21, 20, 1, '2021-02-23 04:40:10'),
(194, 718, 107, 1, '2021-02-26 19:04:29'),
(195, 673, 96, 1, '2021-02-26 19:26:49'),
(196, 673, 96, 1, '2021-02-26 19:26:56'),
(197, 758, 109, 1, '2021-03-04 11:20:15'),
(199, 757, 110, 1, '2021-03-06 14:16:12'),
(200, 760, 24, 1, '2021-03-07 14:09:20'),
(201, 760, 110, 1, '2021-03-07 14:09:23'),
(202, 790, 25, 1, '2021-03-15 12:47:05'),
(203, 790, 25, 1, '2021-03-15 12:47:18'),
(204, 790, 23, 1, '2021-03-15 12:47:30'),
(205, 801, 96, 1, '2021-03-16 02:31:56'),
(206, 771, 11, 1, '2021-03-16 10:32:06'),
(207, 805, 95, 1, '2021-03-17 20:05:43'),
(208, 816, 110, 1, '2021-03-21 03:59:30');

--
-- Indexes for dumped tables
--

--
-- Indexes for table `admin`
--
ALTER TABLE `admin`
  ADD PRIMARY KEY (`id`);

--
-- Indexes for table `booking_product`
--
ALTER TABLE `booking_product`
  ADD PRIMARY KEY (`id`);

--
-- Indexes for table `category`
--
ALTER TABLE `category`
  ADD PRIMARY KEY (`id`);

--
-- Indexes for table `chat`
--
ALTER TABLE `chat`
  ADD PRIMARY KEY (`id`),
  ADD KEY `user_id` (`user_id`);

--
-- Indexes for table `chat_thread`
--
ALTER TABLE `chat_thread`
  ADD PRIMARY KEY (`id`);

--
-- Indexes for table `city`
--
ALTER TABLE `city`
  ADD PRIMARY KEY (`id`);

--
-- Indexes for table `featured_product`
--
ALTER TABLE `featured_product`
  ADD PRIMARY KEY (`id`);

--
-- Indexes for table `history`
--
ALTER TABLE `history`
  ADD PRIMARY KEY (`id`);

--
-- Indexes for table `like_product`
--
ALTER TABLE `like_product`
  ADD PRIMARY KEY (`id`),
  ADD KEY `user_id` (`user_id`);

--
-- Indexes for table `notifications`
--
ALTER TABLE `notifications`
  ADD PRIMARY KEY (`id`);

--
-- Indexes for table `pay_subscription_log`
--
ALTER TABLE `pay_subscription_log`
  ADD PRIMARY KEY (`id`);

--
-- Indexes for table `products`
--
ALTER TABLE `products`
  ADD PRIMARY KEY (`id`),
  ADD KEY `category_id_fk_on_product` (`category_id`),
  ADD KEY `sub-category_id_fk_on_product` (`sub_category_id`);

--
-- Indexes for table `rent`
--
ALTER TABLE `rent`
  ADD PRIMARY KEY (`id`);

--
-- Indexes for table `rent_hire_history`
--
ALTER TABLE `rent_hire_history`
  ADD PRIMARY KEY (`id`);

--
-- Indexes for table `request_review`
--
ALTER TABLE `request_review`
  ADD PRIMARY KEY (`id`);

--
-- Indexes for table `review`
--
ALTER TABLE `review`
  ADD PRIMARY KEY (`id`);

--
-- Indexes for table `setting`
--
ALTER TABLE `setting`
  ADD PRIMARY KEY (`id`);

--
-- Indexes for table `slider_image`
--
ALTER TABLE `slider_image`
  ADD PRIMARY KEY (`id`);

--
-- Indexes for table `subscription`
--
ALTER TABLE `subscription`
  ADD PRIMARY KEY (`id`);

--
-- Indexes for table `subscription_period`
--
ALTER TABLE `subscription_period`
  ADD PRIMARY KEY (`id`);

--
-- Indexes for table `sub_category`
--
ALTER TABLE `sub_category`
  ADD PRIMARY KEY (`id`),
  ADD KEY `category_id_fk` (`category_id`);

--
-- Indexes for table `sub_cat_form_fields`
--
ALTER TABLE `sub_cat_form_fields`
  ADD PRIMARY KEY (`id`);

--
-- Indexes for table `users`
--
ALTER TABLE `users`
  ADD PRIMARY KEY (`id`),
  ADD KEY `username` (`email`);

--
-- Indexes for table `users_authentication`
--
ALTER TABLE `users_authentication`
  ADD PRIMARY KEY (`id`);

--
-- Indexes for table `user_complaint`
--
ALTER TABLE `user_complaint`
  ADD PRIMARY KEY (`id`);

--
-- Indexes for table `user_profile`
--
ALTER TABLE `user_profile`
  ADD PRIMARY KEY (`id`),
  ADD KEY `user_id_fk` (`user_id`);

--
-- Indexes for table `user_subscription`
--
ALTER TABLE `user_subscription`
  ADD PRIMARY KEY (`id`);

--
-- Indexes for table `wish_list`
--
ALTER TABLE `wish_list`
  ADD PRIMARY KEY (`id`);

--
-- AUTO_INCREMENT for dumped tables
--

--
-- AUTO_INCREMENT for table `admin`
--
ALTER TABLE `admin`
  MODIFY `id` int(11) NOT NULL AUTO_INCREMENT, AUTO_INCREMENT=2;

--
-- AUTO_INCREMENT for table `booking_product`
--
ALTER TABLE `booking_product`
  MODIFY `id` int(11) NOT NULL AUTO_INCREMENT COMMENT '11', AUTO_INCREMENT=351;

--
-- AUTO_INCREMENT for table `category`
--
ALTER TABLE `category`
  MODIFY `id` int(11) NOT NULL AUTO_INCREMENT, AUTO_INCREMENT=33;

--
-- AUTO_INCREMENT for table `chat`
--
ALTER TABLE `chat`
  MODIFY `id` int(11) NOT NULL AUTO_INCREMENT, AUTO_INCREMENT=592;

--
-- AUTO_INCREMENT for table `chat_thread`
--
ALTER TABLE `chat_thread`
  MODIFY `id` int(11) NOT NULL AUTO_INCREMENT, AUTO_INCREMENT=593;

--
-- AUTO_INCREMENT for table `city`
--
ALTER TABLE `city`
  MODIFY `id` int(11) NOT NULL AUTO_INCREMENT, AUTO_INCREMENT=27;

--
-- AUTO_INCREMENT for table `featured_product`
--
ALTER TABLE `featured_product`
  MODIFY `id` int(11) NOT NULL AUTO_INCREMENT;

--
-- AUTO_INCREMENT for table `history`
--
ALTER TABLE `history`
  MODIFY `id` int(11) NOT NULL AUTO_INCREMENT;

--
-- AUTO_INCREMENT for table `like_product`
--
ALTER TABLE `like_product`
  MODIFY `id` int(11) NOT NULL AUTO_INCREMENT;

--
-- AUTO_INCREMENT for table `notifications`
--
ALTER TABLE `notifications`
  MODIFY `id` bigint(20) NOT NULL AUTO_INCREMENT, AUTO_INCREMENT=357;

--
-- AUTO_INCREMENT for table `pay_subscription_log`
--
ALTER TABLE `pay_subscription_log`
  MODIFY `id` int(11) NOT NULL AUTO_INCREMENT, AUTO_INCREMENT=159;

--
-- AUTO_INCREMENT for table `products`
--
ALTER TABLE `products`
  MODIFY `id` int(11) NOT NULL AUTO_INCREMENT, AUTO_INCREMENT=117;

--
-- AUTO_INCREMENT for table `rent`
--
ALTER TABLE `rent`
  MODIFY `id` int(11) NOT NULL AUTO_INCREMENT, AUTO_INCREMENT=6;

--
-- AUTO_INCREMENT for table `rent_hire_history`
--
ALTER TABLE `rent_hire_history`
  MODIFY `id` int(11) NOT NULL AUTO_INCREMENT;

--
-- AUTO_INCREMENT for table `request_review`
--
ALTER TABLE `request_review`
  MODIFY `id` int(11) NOT NULL AUTO_INCREMENT, AUTO_INCREMENT=72;

--
-- AUTO_INCREMENT for table `review`
--
ALTER TABLE `review`
  MODIFY `id` int(11) NOT NULL AUTO_INCREMENT, AUTO_INCREMENT=59;

--
-- AUTO_INCREMENT for table `setting`
--
ALTER TABLE `setting`
  MODIFY `id` int(11) NOT NULL AUTO_INCREMENT, AUTO_INCREMENT=2;

--
-- AUTO_INCREMENT for table `slider_image`
--
ALTER TABLE `slider_image`
  MODIFY `id` int(11) NOT NULL AUTO_INCREMENT;

--
-- AUTO_INCREMENT for table `subscription`
--
ALTER TABLE `subscription`
  MODIFY `id` int(11) NOT NULL AUTO_INCREMENT, AUTO_INCREMENT=16;

--
-- AUTO_INCREMENT for table `subscription_period`
--
ALTER TABLE `subscription_period`
  MODIFY `id` int(11) NOT NULL AUTO_INCREMENT, AUTO_INCREMENT=7;

--
-- AUTO_INCREMENT for table `sub_category`
--
ALTER TABLE `sub_category`
  MODIFY `id` int(11) NOT NULL AUTO_INCREMENT, AUTO_INCREMENT=44;

--
-- AUTO_INCREMENT for table `sub_cat_form_fields`
--
ALTER TABLE `sub_cat_form_fields`
  MODIFY `id` int(11) NOT NULL AUTO_INCREMENT;

--
-- AUTO_INCREMENT for table `users`
--
ALTER TABLE `users`
  MODIFY `id` int(11) NOT NULL AUTO_INCREMENT, AUTO_INCREMENT=836;

--
-- AUTO_INCREMENT for table `users_authentication`
--
ALTER TABLE `users_authentication`
  MODIFY `id` int(11) NOT NULL AUTO_INCREMENT, AUTO_INCREMENT=3;

--
-- AUTO_INCREMENT for table `user_complaint`
--
ALTER TABLE `user_complaint`
  MODIFY `id` int(11) NOT NULL AUTO_INCREMENT, AUTO_INCREMENT=24;

--
-- AUTO_INCREMENT for table `user_profile`
--
ALTER TABLE `user_profile`
  MODIFY `id` int(11) NOT NULL AUTO_INCREMENT, AUTO_INCREMENT=848;

--
-- AUTO_INCREMENT for table `user_subscription`
--
ALTER TABLE `user_subscription`
  MODIFY `id` int(11) NOT NULL AUTO_INCREMENT, AUTO_INCREMENT=30;

--
-- AUTO_INCREMENT for table `wish_list`
--
ALTER TABLE `wish_list`
  MODIFY `id` int(11) NOT NULL AUTO_INCREMENT, AUTO_INCREMENT=209;

--
-- Constraints for dumped tables
--

--
-- Constraints for table `sub_category`
--
ALTER TABLE `sub_category`
  ADD CONSTRAINT `category_id_fk` FOREIGN KEY (`category_id`) REFERENCES `category` (`id`) ON UPDATE CASCADE;

--
-- Constraints for table `user_profile`
--
ALTER TABLE `user_profile`
  ADD CONSTRAINT `user_id_fk` FOREIGN KEY (`user_id`) REFERENCES `users` (`id`) ON UPDATE CASCADE;
COMMIT;

/*!40101 SET CHARACTER_SET_CLIENT=@OLD_CHARACTER_SET_CLIENT */;
/*!40101 SET CHARACTER_SET_RESULTS=@OLD_CHARACTER_SET_RESULTS */;
/*!40101 SET COLLATION_CONNECTION=@OLD_COLLATION_CONNECTION */;
